time,y,z,x
1.61E+18,-0.048891127,0,-0.113928653
1.61E+18,-0.032131732,0,-0.143856168
1.61E+18,-0.008189708,0,-0.064847521
1.61E+18,0.007372588,0,-0.000204077
1.61E+18,0.000469923,0,7.20E-05
1.61E+18,-0.01079303,0,-0.001623154
1.61E+18,-0.016598761,0,-0.001878373
1.61E+18,-0.023043811,0,-0.001944985
1.61E+18,-0.015338659,0,-3.33E-05
1.61E+18,-0.005200565,0,0.000693277
1.61E+18,0.003706098,0,-0.000777073
1.61E+18,0.012028307,0,-0.006452724
1.61E+18,0.01385054,0,-0.008155018
1.61E+18,0.011640191,0,-0.002869025
1.61E+18,-0.000885308,0,2.22E-05
1.61E+18,-0.016697228,0,-0.00276015
1.61E+18,-0.017393529,0,-0.004380442
1.61E+18,-0.018483818,0,-0.000963695
1.61E+18,-0.00921607,0,0.00037245
1.61E+18,-0.003885567,0,-0.000184124
1.61E+18,-0.001108527,0,0.000197865
1.61E+18,0.002552569,0,-0.000268023
1.61E+18,0.00617522,0,0.000672564
1.61E+18,0.007475019,0,0.002485022
1.61E+18,0.006276608,0,0.003080666
1.61E+18,0.000440001,0,0.000259936
1.61E+18,-0.000424206,0,-0.000314683
1.61E+18,-0.003747106,0,-0.003266573
1.61E+18,-0.00210464,0,-0.001968622
1.61E+18,0.006032884,0,0.006766558
1.61E+18,0.010901332,0,0.012246132
1.61E+18,0.012483835,0,0.014409959
1.61E+18,0.014462531,0,0.017250121
1.61E+18,0.020183504,0,0.022602797
1.61E+18,0.026337206,0,0.026372224
1.61E+18,0.023882687,0,0.019331247
1.61E+18,0.022306502,0,0.011634424
1.61E+18,0.024740815,0,0.008767396
1.61E+18,0.021429062,0,0.007939398
1.61E+18,0.009467244,0,0.003649235
1.61E+18,-0.003443122,0,-0.001205236
1.61E+18,-0.008736134,0,-0.003613353
1.61E+18,0.00238359,0,0.001189619
1.61E+18,0.021312237,0,0.008368969
1.61E+18,0.036163807,0,0.019659758
1.61E+18,0.035008848,0,0.009834021
1.61E+18,0.034390956,0,-0.016071916
1.61E+18,0.04066813,0,-0.004082903
1.61E+18,0.021252811,0,0.005733848
1.61E+18,-0.005447567,0,-0.00175038
1.61E+18,-0.03680259,0,-0.009979323
1.61E+18,-0.048898578,0,-0.011778817
1.61E+18,-0.041947722,0,-0.012960583
1.61E+18,-0.030670285,0,-0.009872094
1.61E+18,-0.021959484,0,-0.008392602
1.61E+18,-0.012089014,0,-0.006710917
1.61E+18,-0.012586296,0,-0.008480161
1.61E+18,-0.018688321,0,-0.014693975
1.61E+18,-0.025780618,0,-0.022574842
1.61E+18,-0.024072528,0,-0.020782292
1.61E+18,-0.022245049,0,-0.019086301
1.61E+18,-0.027491093,0,-0.0228917
1.61E+18,-0.03363359,0,-0.027890146
1.61E+18,-0.047641277,0,-0.032521904
1.61E+18,-0.035827458,0,-0.031483769
1.61E+18,-0.045094013,0,-0.026287913
1.61E+18,-0.027776361,0,-0.017640412
1.61E+18,-0.007457137,0,-0.004962206
1.61E+18,0.010302842,0,0.006235629
1.61E+18,0.017106593,0,0.008820236
1.61E+18,0.026270866,0,0.01858902
1.61E+18,0.056496143,0,0.033760846
1.61E+18,0.015475869,0,0.006349772
1.61E+18,0.028803587,0,0.022344649
1.61E+18,0.002943873,0,0.001893669
1.61E+18,0.002301872,0,0.001464128
1.61E+18,0.034095407,0,0.017196834
1.61E+18,0.058054686,0,0.039625108
1.61E+18,0.024008185,0,0.011789218
1.61E+18,0.04764688,0,0.008598574
1.61E+18,0.09106338,0,0.029168338
1.61E+18,0.071096182,0,0.022385418
1.61E+18,0.036908805,0,0.000977376
1.61E+18,0.024224818,0,-0.001056651
1.61E+18,0.022798479,0,0.003439188
1.61E+18,0.019979239,0,0.005372107
1.61E+18,0.025513172,0,0.00874579
1.61E+18,0.016612649,0,0.004350543
1.61E+18,0.044156194,0,0.008995831
1.61E+18,0.02700752,0,0.011068538
1.61E+18,0.065914333,0,0.03114143
1.61E+18,0.038280696,0,0.015760839
1.61E+18,0.022518724,0,0.012688234
1.61E+18,0.017459393,0,0.014309287
1.61E+18,0.008167952,0,0.007472396
1.61E+18,-0.012093663,0,-0.007022679
1.61E+18,-0.029514194,0,-0.007680625
1.61E+18,-0.048823953,0,-0.00828056
1.61E+18,-0.017721176,0,0.000357289
1.61E+18,0.097386003,0,0.021629989
1.61E+18,-0.125854969,0,-0.027582794
1.61E+18,-0.788974762,0,-0.098207965
1.61E+18,-1.293266416,0,-0.413596749
1.61E+18,-1.828295231,0,-0.655412018
1.61E+18,-1.815543413,0,-0.654876411
1.61E+18,-1.667337179,0,-0.511575878
1.61E+18,-1.599405766,0,-0.189040676
1.61E+18,-1.526527286,0,0.156354606
1.61E+18,-1.476190805,0,0.20210278
1.61E+18,-1.503561139,0,0.084944114
1.61E+18,-1.60775423,0,-0.065316193
1.61E+18,-1.687045574,0,-0.157674745
1.61E+18,-1.757641315,0,-0.208206743
1.61E+18,-1.681121111,0,-0.125913143
1.61E+18,-1.635786295,0,-0.125590742
1.61E+18,-1.515420437,0,-0.021855533
1.61E+18,-0.758978307,0,0.51572293
1.61E+18,-0.822012424,0,0.143614471
1.61E+18,-1.073281169,0,-0.607874751
1.61E+18,-1.336714506,0,-1.252835035
1.61E+18,-2.024124384,0,-1.842739344
1.61E+18,-1.949213505,0,-1.787349343
1.61E+18,-1.602591395,0,-1.771541595
1.61E+18,-1.773237705,0,-1.051782131
1.61E+18,-1.16830349,0,-0.797892928
1.61E+18,-1.434352756,0,-0.859385252
1.61E+18,-1.905073881,0,-1.215193391
1.61E+18,-1.114085317,0,-0.494453847
1.61E+18,-1.598209143,0,-0.593613088
1.61E+18,-2.063129425,0,-0.960330963
1.61E+18,-1.652077436,0,-0.708215714
1.61E+18,-1.379348993,0,-0.371373504
1.61E+18,-1.666254997,0,-0.448409319
1.61E+18,-1.982589722,0,-0.741765738
1.61E+18,-1.836915731,0,-0.883297443
1.61E+18,-1.41086638,0,-0.728949726
1.61E+18,-0.976544857,0,-0.579286754
1.61E+18,-1.437128663,0,-0.971761525
1.61E+18,-0.441849828,0,-0.334427446
1.61E+18,-1.005361557,0,-0.733426213
1.61E+18,-0.987753928,0,-0.530701995
1.61E+18,-0.727089584,0,-0.383085787
1.61E+18,-0.667658091,0,-0.423931897
1.61E+18,-0.644841194,0,-0.519334614
1.61E+18,-0.523038864,0,-0.653155208
1.61E+18,-0.403982401,0,-0.689571559
1.61E+18,-0.580097914,0,-0.798689127
1.61E+18,-0.709993899,0,-1.044505
1.61E+18,-0.404239714,0,-0.829907417
1.61E+18,-0.707675397,0,-0.838754535
1.61E+18,-0.47830081,0,-0.788621843
1.61E+18,-0.770596683,0,-0.781458974
1.61E+18,-0.618126392,0,-0.663915515
1.61E+18,-0.593135118,0,-0.699976683
1.61E+18,-0.683949709,0,-0.636128962
1.61E+18,-0.540402174,0,-0.670300484
1.61E+18,-0.400390178,0,-0.76991713
1.61E+18,-0.521711648,0,-0.789842784
1.61E+18,-0.277892679,0,-0.827346146
1.61E+18,-0.199520051,0,-0.77475965
1.61E+18,-0.216055274,0,-0.691085219
1.61E+18,-0.180669129,0,-0.617313564
1.61E+18,-0.155529678,0,-0.554177165
1.61E+18,-0.140267432,0,-0.565896511
1.61E+18,-0.048384726,0,-0.630699158
1.61E+18,0.032396972,0,-0.687089562
1.61E+18,0.012716711,0,-0.720741272
1.61E+18,0.035766304,0,-0.7581231
1.61E+18,0.169438779,0,-0.749631882
1.61E+18,0.281156003,0,-0.678383172
1.61E+18,0.294398904,0,-0.6404441
1.61E+18,0.270857692,0,-0.630863249
1.61E+18,0.262189835,0,-0.615905583
1.61E+18,0.317089289,0,-0.553711653
1.61E+18,0.39521265,0,-0.469782382
1.61E+18,0.427767038,0,-0.462342769
1.61E+18,0.464748144,0,-0.450685591
1.61E+18,0.501390994,0,-0.435581237
1.61E+18,0.490215302,0,-0.425824225
1.61E+18,0.493172586,0,-0.340782881
1.61E+18,0.53338182,0,-0.338538498
1.61E+18,0.565317273,0,-0.356868476
1.61E+18,0.614975333,0,-0.375321507
1.61E+18,0.615435123,0,-0.36939162
1.61E+18,0.673229814,0,-0.28217721
1.61E+18,0.633048713,0,-0.266085863
1.61E+18,0.583025455,0,-0.250057757
1.61E+18,0.627496243,0,-0.208567798
1.61E+18,0.596531868,0,-0.156005457
1.61E+18,0.599867344,0,-0.096519768
1.61E+18,0.668295145,0,-0.059137173
1.61E+18,0.70184809,0,-0.029550066
1.61E+18,0.708536088,0,-0.038520411
1.61E+18,0.725046873,0,-0.147198051
1.61E+18,0.71762526,0,-0.248331383
1.61E+18,0.706959963,0,-0.32221067
1.61E+18,0.716761231,0,-0.370121419
1.61E+18,0.7394104,0,-0.362725079
1.61E+18,0.811960459,0,-0.345279694
1.61E+18,0.943878353,0,-0.540472865
1.61E+18,0.759790659,0,-0.748360515
1.61E+18,0.668746471,0,-0.554157019
1.61E+18,0.497668207,0,-0.072273538
1.61E+18,-0.010621935,0,0.14631623
1.61E+18,-0.665403605,0,-0.010367408
1.61E+18,-1.195727825,0,-0.399112821
1.61E+18,-1.290228605,0,-0.786590874
1.61E+18,-1.020300388,0,-1.078908563
1.61E+18,-0.648071587,0,-1.084099293
1.61E+18,-0.22258532,0,-0.780305505
1.61E+18,0.3419635,0,0.064368486
1.61E+18,0.258557498,0,0.314478606
1.61E+18,-0.2421664,0,-0.551467717
1.61E+18,-0.60516715,0,-0.913969517
1.61E+18,-0.754721999,0,-0.825793684
1.61E+18,-0.617575288,0,-0.518811643
1.61E+18,-0.538177371,0,-0.339838773
1.61E+18,-0.635187745,0,-0.383808225
1.61E+18,-0.770552278,0,-0.259677202
1.61E+18,-0.99830842,0,-0.194456771
1.61E+18,-1.404457569,0,-0.017611921
1.61E+18,-1.575212955,0,0.153490946
1.61E+18,-1.685238004,0,0.333649635
1.61E+18,-1.705694556,0,0.550831318
1.61E+18,-1.63749969,0,0.735179543
1.61E+18,-1.510792494,0,0.956475616
1.61E+18,-1.392942429,0,1.157173276
1.61E+18,-1.307203174,0,1.282491207
1.61E+18,-1.206529379,0,1.339126587
1.61E+18,-1.079722524,0,1.35155642
1.61E+18,-0.947214007,0,1.237241983
1.61E+18,-0.851057589,0,0.974780679
1.61E+18,-0.818780661,0,0.63643086
1.61E+18,-0.789450407,0,0.382498801
1.61E+18,-0.731291115,0,0.158363581
1.61E+18,-0.680382013,0,-0.070471048
1.61E+18,-0.722605228,0,-0.321557045
1.61E+18,-0.795425057,0,-0.559335828
1.61E+18,-0.816723883,0,-0.817643285
1.61E+18,-0.796880126,0,-0.997149706
1.61E+18,-0.70204556,0,-1.041690826
1.61E+18,-0.362278759,0,-0.873066604
1.61E+18,-0.194168121,0,-0.668840289
1.61E+18,-0.026246905,0,-0.449853122
1.61E+18,0.046554327,0,-0.281108677
1.61E+18,0.051627845,0,-0.138825238
1.61E+18,0.0444718,0,0.027591333
1.61E+18,-0.029929161,0,0.141697705
1.61E+18,-0.121801078,0,0.292399228
1.61E+18,-0.212586254,0,0.479317933
1.61E+18,-0.302039504,0,0.618697405
1.61E+18,-0.341773331,0,0.682487547
1.61E+18,-0.390427619,0,0.772901595
1.61E+18,-0.451047659,0,0.860510349
1.61E+18,-0.485847205,0,0.868522763
1.61E+18,-0.464361072,0,0.807482421
1.61E+18,-0.353117555,0,0.739939332
1.61E+18,-0.176838934,0,0.644306898
1.61E+18,-0.061695695,0,0.615318775
1.61E+18,0.083966345,0,0.608732045
1.61E+18,0.238925815,0,0.604998708
1.61E+18,0.361750096,0,0.587473035
1.61E+18,0.365767419,0,0.621281743
1.61E+18,0.357929528,0,0.602813363
1.61E+18,0.384338051,0,0.5608778
1.61E+18,0.42211026,0,0.54577148
1.61E+18,0.44055602,0,0.518721819
1.61E+18,0.469881773,0,0.548185587
1.61E+18,0.538030505,0,0.591033936
1.61E+18,0.644994974,0,0.617825389
1.61E+18,0.672438264,0,0.645556092
1.61E+18,0.646425366,0,0.644991338
1.61E+18,0.687063694,0,0.611014247
1.61E+18,0.472996742,0,0.557720006
1.61E+18,0.478422254,0,0.554623961
1.61E+18,0.794836283,0,0.548918843
1.61E+18,0.9497841,0,0.615098357
1.61E+18,0.899995565,0,0.649686217
1.61E+18,0.869479537,0,0.704016924
1.61E+18,0.853293061,0,0.68835324
1.61E+18,0.901961803,0,0.622776926
1.61E+18,1.006429672,0,0.574537277
1.61E+18,0.811340868,0,0.517786384
1.61E+18,0.652160525,0,0.611008525
1.61E+18,0.662867546,0,0.585075736
1.61E+18,0.714740753,0,0.551979005
1.61E+18,0.73090291,0,0.552225828
1.61E+18,0.760185599,0,0.564664364
1.61E+18,0.831513524,0,0.576769829
1.61E+18,0.906354904,0,0.566334486
1.61E+18,0.94052273,0,0.563980579
1.61E+18,0.993262351,0,0.545014679
1.61E+18,0.99028784,0,0.527531505
1.61E+18,0.916415751,0,0.449219376
1.61E+18,0.872452259,0,0.374075383
1.61E+18,0.930267632,0,0.334505439
1.61E+18,1.08160162,0,0.33090046
1.61E+18,1.043717504,0,0.274900436
1.61E+18,1.149366617,0,0.288963467
1.61E+18,1.308784008,0,0.198180348
1.61E+18,0.955060005,0,0.144060522
1.61E+18,0.170864046,0,0.194063127
1.61E+18,-1.428360462,0,0.326866269
1.61E+18,-2.028038502,0,0.364645898
1.61E+18,-2.320629597,0,0.469934881
1.61E+18,-2.186248302,0,0.664137483
1.61E+18,-1.577142,0,0.857166708
1.61E+18,-0.739528894,0,0.983830273
1.61E+18,-0.008052647,0,1.034750819
1.61E+18,0.394729018,0,1.039512038
1.61E+18,0.362698734,0,0.92000556
1.61E+18,0.302662194,0,1.11296165
1.61E+18,0.835119426,0,2.827383041
1.61E+18,-0.428241551,0,0.91254878
1.61E+18,-1.014651299,0,-0.599280119
1.61E+18,-1.86252737,0,-1.447090149
1.61E+18,-2.061028242,0,-1.165346861
1.61E+18,-1.552275658,0,-0.168842226
1.61E+18,-1.348587513,0,-0.345747054
1.61E+18,-1.153998852,0,-0.723500967
1.61E+18,-0.982055068,0,-0.860993266
1.61E+18,-0.968348622,0,-1.078097701
1.61E+18,-0.909636199,0,-1.133463621
1.61E+18,-0.764078915,0,-1.329656005
1.61E+18,-0.737266898,0,-1.405990839
1.61E+18,-0.776666105,0,-1.321097612
1.61E+18,-0.871459782,0,-1.186125994
1.61E+18,-0.901101887,0,-0.931663275
1.61E+18,-0.953591704,0,-0.607749224
1.61E+18,-1.043509841,0,-0.308395147
1.61E+18,-1.095567346,0,-0.063398533
1.61E+18,-0.998437166,0,0.181845695
1.61E+18,-0.760310173,0,0.406654507
1.61E+18,-0.47570017,0,0.582347035
1.61E+18,-0.174258322,0,0.691712558
1.61E+18,0.129827023,0,0.698972881
1.61E+18,0.344041467,0,0.698576868
1.61E+18,0.441417515,0,0.649690688
1.61E+18,0.448922217,0,0.550387025
1.61E+18,0.402283788,0,0.406115681
1.61E+18,0.366475761,0,0.309199244
1.61E+18,0.371610641,0,0.228940368
1.61E+18,0.341087639,0,0.120608509
1.61E+18,0.102071166,0,0.017991424
1.61E+18,0.007076502,0,-0.05365321
1.61E+18,-0.008731157,0,-0.120456159
1.61E+18,0.058330238,0,-0.14195542
1.61E+18,0.08874926,0,-0.143298015
1.61E+18,0.07186532,0,-0.121744722
1.61E+18,0.064074129,0,-0.183521107
1.61E+18,0.072169989,0,-0.240491688
1.61E+18,0.092763931,0,-0.240600109
1.61E+18,0.127669722,0,-0.246252537
1.61E+18,0.195126534,0,-0.242673725
1.61E+18,0.269954562,0,-0.219708532
1.61E+18,0.373751938,0,-0.202775747
1.61E+18,0.453561693,0,-0.207579136
1.61E+18,0.53149277,0,-0.229083315
1.61E+18,0.614572942,0,-0.254261136
1.61E+18,0.627783716,0,-0.301012516
1.61E+18,0.668208241,0,-0.284787416
1.61E+18,0.686435461,0,-0.297041625
1.61E+18,0.690131962,0,-0.326026201
1.61E+18,0.626672089,0,-0.408370227
1.61E+18,0.550140619,0,-0.457354188
1.61E+18,0.613905609,0,-0.476448506
1.61E+18,0.665416062,0,-0.440144241
1.61E+18,0.732435703,0,-0.345786631
1.61E+18,0.88184011,0,-0.284117788
1.61E+18,1.036356211,0,-0.307956457
1.61E+18,0.943294048,0,-0.337373644
1.61E+18,0.90189302,0,-0.387607813
1.61E+18,1.131016731,0,-0.498398244
1.61E+18,1.205374002,0,-0.614590883
1.61E+18,0.985866845,0,-0.671647668
1.61E+18,0.938881159,0,-0.664712965
1.61E+18,0.961802483,0,-0.706119955
1.61E+18,1.010261297,0,-0.66775018
1.61E+18,1.069593668,0,-0.617230654
1.61E+18,1.155287743,0,-0.610424578
1.61E+18,1.16152668,0,-0.640640855
1.61E+18,1.105476022,0,-0.629855156
1.61E+18,1.067851782,0,-0.635550797
1.61E+18,1.082073927,0,-0.698873281
1.61E+18,1.094155908,0,-0.723853052
1.61E+18,1.189188719,0,-0.519099295
1.61E+18,1.240116954,0,-0.536739469
1.61E+18,1.274408698,0,-0.680181861
1.61E+18,1.230417371,0,-0.774886608
1.61E+18,1.075758934,0,-0.717310071
1.61E+18,0.930925727,0,-0.501470625
1.61E+18,0.503250837,0,-0.258526534
1.61E+18,-0.315520823,0,-0.118522316
1.61E+18,-1.039187908,0,-0.163736701
1.61E+18,-1.353424311,0,-0.215868801
1.61E+18,-1.311374664,0,-0.310688496
1.61E+18,-0.9203161,0,-0.344072342
1.61E+18,-0.368926555,0,-0.269964218
1.61E+18,0.23969245,0,-0.109181821
1.61E+18,1.223264694,0,1.659347057
1.61E+18,0.065393329,0,0.351667762
1.61E+18,-0.69837606,0,-0.986215711
1.61E+18,-1.211742282,0,-1.225796938
1.61E+18,-1.361682057,0,-0.038547635
1.61E+18,-1.6492486,0,0.408196479
1.61E+18,-2.213853359,0,-0.094150215
1.61E+18,-2.304086685,0,0.005768657
1.61E+18,-2.38548851,0,0.219528228
1.61E+18,-2.451614618,0,0.454138726
1.61E+18,-2.243470192,0,0.663864493
1.61E+18,-1.854933262,0,0.755804777
1.61E+18,-1.575025082,0,0.779585481
1.61E+18,-1.409688711,0,0.800438046
1.61E+18,-1.268923521,0,0.757634819
1.61E+18,-1.054406524,0,0.598832369
1.61E+18,-0.808696985,0,0.658658087
1.61E+18,-0.419243813,0,0.64102
1.61E+18,-0.167094857,0,0.550194263
1.61E+18,-0.162489176,0,0.454279244
1.61E+18,-0.171545073,0,0.321151793
1.61E+18,-0.202518761,0,0.110672891
1.61E+18,-0.246482313,0,-0.129788637
1.61E+18,-0.311711431,0,-0.288568288
1.61E+18,-0.406784445,0,-0.390008211
1.61E+18,-0.496991694,0,-0.384347171
1.61E+18,-0.521018922,0,-0.305492938
1.61E+18,-0.327475637,0,-0.040312212
1.61E+18,-0.197805971,0,0.170107469
1.61E+18,-0.105256259,0,0.334339648
1.61E+18,-0.008485392,0,0.471994877
1.61E+18,0.030270644,0,0.624152124
1.61E+18,0.012506733,0,0.670849383
1.61E+18,-0.001744345,0,0.686542869
1.61E+18,-0.019765638,0,0.659704566
1.61E+18,-0.053388912,0,0.610393465
1.61E+18,-0.02736607,0,0.639347553
1.61E+18,0.019569449,0,0.635607719
1.61E+18,0.066494793,0,0.58852011
1.61E+18,0.139411524,0,0.595346689
1.61E+18,0.204485267,0,0.592928886
1.61E+18,0.281275809,0,0.56715709
1.61E+18,0.316558838,0,0.540005088
1.61E+18,0.376839757,0,0.502543986
1.61E+18,0.42599529,0,0.464618564
1.61E+18,0.460584074,0,0.463162482
1.61E+18,0.500712097,0,0.483382523
1.61E+18,0.491442263,0,0.493080318
1.61E+18,0.479000419,0,0.364504993
1.61E+18,0.474955201,0,0.349693567
1.61E+18,0.532726526,0,0.346960783
1.61E+18,0.617358446,0,0.382473588
1.61E+18,0.701715767,0,0.472798586
1.61E+18,0.786202848,0,0.5193187
1.61E+18,0.844028175,0,0.545075238
1.61E+18,0.86241591,0,0.540950179
1.61E+18,0.820710063,0,0.497834802
1.61E+18,0.815543294,0,0.524328709
1.61E+18,0.819390059,0,0.547299862
1.61E+18,0.592459202,0,0.578250766
1.61E+18,0.602201641,0,0.686445892
1.61E+18,0.868427157,0,0.67399478
1.61E+18,0.968717217,0,0.780752838
1.61E+18,0.988854647,0,0.905032516
1.61E+18,1.138352394,0,0.898939133
1.61E+18,1.155720592,0,0.892359078
1.61E+18,1.105211735,0,0.942164779
1.61E+18,1.210007906,0,0.912093103
1.61E+18,1.318794489,0,0.847909093
1.61E+18,1.221664906,0,0.808468401
1.61E+18,1.27516973,0,0.725938797
1.61E+18,1.340350628,0,0.725671291
1.61E+18,1.426438093,0,0.811041832
1.61E+18,1.502301693,0,0.886061847
1.61E+18,1.547958732,0,0.990216076
1.61E+18,1.584510326,0,1.056068063
1.61E+18,1.963998199,0,1.462701917
1.61E+18,3.061436892,0,3.757239342
1.61E+18,1.35598886,0,1.688412309
1.61E+18,0.378450125,0,-0.805729985
1.61E+18,-0.112942919,0,-2.247172356
1.61E+18,-0.369796515,0,-0.895009696
1.61E+18,-0.950691402,0,1.055584431
1.61E+18,-1.950208902,0,0.439146638
1.61E+18,-2.767014503,0,-0.513384879
1.61E+18,-3.226005554,0,-0.623901248
1.61E+18,-3.351477623,0,-0.45194906
1.61E+18,-2.74314332,0,-0.344084918
1.61E+18,-1.576936483,0,-0.33526963
1.61E+18,-0.003601521,0,-0.261001527
1.61E+18,-0.090811253,0,0.087838009
1.61E+18,-0.694454193,0,0.007842328
1.61E+18,-1.569325447,0,-1.551465034
1.61E+18,-2.19849205,0,-2.356446981
1.61E+18,-2.338433743,0,-1.793727517
1.61E+18,-1.8443712,0,-0.360155106
1.61E+18,-1.569003224,0,-0.152367726
1.61E+18,-1.459761024,0,-0.527512431
1.61E+18,-1.335697651,0,-0.406933725
1.61E+18,-1.231904864,0,-0.28631258
1.61E+18,-1.040492773,0,-0.449642271
1.61E+18,-0.696048379,0,-0.577946424
1.61E+18,-0.412648737,0,-0.627364337
1.61E+18,-0.248015285,0,-0.664125085
1.61E+18,-0.149395704,0,-0.666718245
1.61E+18,-0.122771338,0,-0.575276196
1.61E+18,-0.192875683,0,-0.487187415
1.61E+18,-0.270091444,0,-0.369056016
1.61E+18,-0.398116201,0,-0.259090424
1.61E+18,-0.507789493,0,-0.113714322
1.61E+18,-0.43541801,0,0.071245238
1.61E+18,-0.348490417,0,0.125580102
1.61E+18,-0.258055598,0,0.14135851
1.61E+18,-0.141506433,0,0.087236881
1.61E+18,-0.029813742,0,0.020504013
1.61E+18,0.062027391,0,0.012734845
1.61E+18,0.094208553,0,-0.041042589
1.61E+18,0.102256633,0,-0.157899201
1.61E+18,0.071990177,0,-0.239967406
1.61E+18,-0.025072305,0,-0.320457369
1.61E+18,-0.098329656,0,-0.439244717
1.61E+18,-0.142619729,0,-0.573694587
1.61E+18,-0.173541754,0,-0.678844094
1.61E+18,-0.209042311,0,-0.770749629
1.61E+18,-0.194810793,0,-0.820010781
1.61E+18,-0.132670715,0,-0.785486817
1.61E+18,0.022893764,0,-0.694435418
1.61E+18,0.196382895,0,-0.603543699
1.61E+18,0.347752959,0,-0.488242626
1.61E+18,0.510097504,0,-0.382665247
1.61E+18,0.729420483,0,-0.252078414
1.61E+18,0.766586244,0,-0.280768186
1.61E+18,0.764897525,0,-0.316087902
1.61E+18,0.755106568,0,-0.307597131
1.61E+18,0.76237613,0,-0.325530946
1.61E+18,0.77922231,0,-0.325655252
1.61E+18,0.79012686,0,-0.32881701
1.61E+18,0.839845359,0,-0.361008316
1.61E+18,0.873207271,0,-0.406773984
1.61E+18,0.907459497,0,-0.428653181
1.61E+18,0.959233105,0,-0.443167001
1.61E+18,1.015131354,0,-0.412555993
1.61E+18,1.104856133,0,-0.416576624
1.61E+18,1.158488512,0,-0.390962332
1.61E+18,1.253083467,0,-0.355836272
1.61E+18,1.243854761,0,-0.375317365
1.61E+18,1.16281569,0,-0.38851583
1.61E+18,1.249718785,0,-0.503798723
1.61E+18,1.270684838,0,-0.619386017
1.61E+18,1.064417124,0,-0.655076861
1.61E+18,0.868235946,0,-0.667235255
1.61E+18,0.918313861,0,-0.620898366
1.61E+18,0.944753051,0,-0.563301086
1.61E+18,1.041665316,0,-0.475714236
1.61E+18,1.12399137,0,-0.461236328
1.61E+18,1.161161661,0,-0.450761974
1.61E+18,1.209259152,0,-0.385237098
1.61E+18,1.347234726,0,-0.289414197
1.61E+18,1.49883163,0,-0.17229943
1.61E+18,1.556505799,0,-0.041225806
1.61E+18,1.538354993,0,0.076386228
1.61E+18,1.506966233,0,0.092679098
1.61E+18,1.509219527,0,-0.008891016
1.61E+18,1.122206211,0,-0.494468868
1.61E+18,0.675140381,0,-1.01487565
1.61E+18,1.205743074,0,-0.879602909
1.61E+18,1.371203899,0,-0.483587265
1.61E+18,0.519726753,0,-0.112513624
1.61E+18,-0.744352102,0,0.131216392
1.61E+18,-2.048864841,0,0.192064628
1.61E+18,-2.925004005,0,-0.239592284
1.61E+18,-3.400334835,0,-0.774585783
1.61E+18,-3.297514439,0,-0.918011308
1.61E+18,-2.658915758,0,-0.517189384
1.61E+18,-1.810883522,0,-0.145636827
1.61E+18,-1.193458796,0,0.285235822
1.61E+18,-1.021256924,0,0.446579367
1.61E+18,-1.01160574,0,0.600498915
1.61E+18,-1.168563366,0,0.647984862
1.61E+18,-1.19117713,0,0.611082613
1.61E+18,-1.069308043,0,0.463121653
1.61E+18,-1.094041944,0,0.269796073
1.61E+18,-1.284481287,0,0.042020857
1.61E+18,-1.426085711,0,0.172333941
1.61E+18,-1.506465197,0,0.152005538
1.61E+18,-1.485153913,0,0.081508406
1.61E+18,-1.300849199,0,0.085300267
1.61E+18,-1.082384348,0,0.063608497
1.61E+18,-1.026946902,0,-0.071347788
1.61E+18,-1.049161792,0,-0.167094693
1.61E+18,-0.975567579,0,-0.361158133
1.61E+18,-0.868879557,0,-0.503067851
1.61E+18,-0.665162742,0,-0.558727145
1.61E+18,-0.508552313,0,-0.432528853
1.61E+18,-0.35536623,0,-0.274664581
1.61E+18,-0.287503719,0,-0.115023449
1.61E+18,-0.253377974,0,-0.036983769
1.61E+18,-0.21687752,0,0.023321098
1.61E+18,-0.239743918,0,0.111904114
1.61E+18,-0.347531587,0,0.172269881
1.61E+18,-0.445032954,0,0.205808759
1.61E+18,-0.483396947,0,0.287484765
1.61E+18,-0.483007252,0,0.426638544
1.61E+18,-0.45111984,0,0.531720519
1.61E+18,-0.361041933,0,0.679484785
1.61E+18,-0.271115094,0,0.824480355
1.61E+18,-0.201315224,0,0.910703063
1.61E+18,-0.129481107,0,1.014636636
1.61E+18,-0.041947633,0,1.016862512
1.61E+18,0.032720491,0,0.968535662
1.61E+18,0.061335392,0,0.922952294
1.61E+18,0.133961245,0,0.82979244
1.61E+18,0.269543052,0,0.728302956
1.61E+18,0.439784616,0,0.66797632
1.61E+18,0.431469232,0,0.612698495
1.61E+18,0.428645074,0,0.581963897
1.61E+18,0.460405827,0,0.570621252
1.61E+18,0.439976335,0,0.530575395
1.61E+18,0.42914933,0,0.498624504
1.61E+18,0.461804152,0,0.497272909
1.61E+18,0.443439037,0,0.520474195
1.61E+18,0.461231619,0,0.579531908
1.61E+18,0.496536732,0,0.549517453
1.61E+18,0.556914449,0,0.717199385
1.61E+18,0.622602224,0,0.630453587
1.61E+18,0.733886003,0,0.766103566
1.61E+18,0.778208494,0,0.771370053
1.61E+18,0.522606134,0,0.863368273
1.61E+18,0.590211868,0,0.873395026
1.61E+18,0.930099607,0,0.828547597
1.61E+18,0.92550391,0,0.901224434
1.61E+18,0.880212426,0,1.088863492
1.61E+18,1.092534304,0,1.139651656
1.61E+18,1.086144686,0,1.169572592
1.61E+18,1.138091445,0,1.076032877
1.61E+18,1.238007784,0,0.854405165
1.61E+18,1.200514555,0,0.624038637
1.61E+18,1.125780821,0,0.440953314
1.61E+18,1.123613358,0,0.26901269
1.61E+18,1.129371166,0,0.217211783
1.61E+18,1.08659339,0,0.281355053
1.61E+18,1.058685899,0,0.489609569
1.61E+18,1.076922774,0,0.723140001
1.61E+18,1.137539387,0,0.925086617
1.61E+18,1.241939902,0,1.073249698
1.61E+18,1.4683671,0,1.121843696
1.61E+18,1.729981542,0,0.992156982
1.61E+18,1.572074652,0,0.681233287
1.61E+18,1.789872527,0,0.674877346
1.61E+18,2.113363266,0,0.755687892
1.61E+18,-0.373858631,0,1.011067867
1.61E+18,-0.257787168,0,1.011256814
1.61E+18,-1.441656351,0,0.730504274
1.61E+18,-2.361319304,0,0.25188446
1.61E+18,-3.396593571,0,-0.33445397
1.61E+18,-3.109698296,0,-0.302224249
1.61E+18,-2.415050507,0,-0.255098164
1.61E+18,-1.656685114,0,-0.133818701
1.61E+18,-0.982611954,0,-0.012488365
1.61E+18,-0.555557072,0,0.001528695
1.61E+18,-0.594578087,0,-0.206097931
1.61E+18,-0.869705319,0,-0.538833559
1.61E+18,-0.972334921,0,-0.892367005
1.61E+18,-0.957853675,0,-1.025416851
1.61E+18,-0.952833116,0,-0.835930407
1.61E+18,-0.890909433,0,-0.629523456
1.61E+18,-0.866628587,0,-0.530297756
1.61E+18,-0.901981354,0,-0.507526696
1.61E+18,-0.939596832,0,-0.469987839
1.61E+18,-0.98901242,0,-0.493374586
1.61E+18,-0.999267042,0,-0.604686439
1.61E+18,-0.982178211,0,-0.726883054
1.61E+18,-0.930082679,0,-0.80788517
1.61E+18,-0.87631613,0,-0.822327495
1.61E+18,-0.875897288,0,-0.723686755
1.61E+18,-1.007506132,0,-0.350362718
1.61E+18,-1.103403449,0,-0.140836701
1.61E+18,-1.088327885,0,0.043373007
1.61E+18,-0.963305235,0,0.172610432
1.61E+18,-0.751762509,0,0.222007424
1.61E+18,-0.466676921,0,0.281304717
1.61E+18,-0.199980795,0,0.266857028
1.61E+18,-0.026354611,0,0.177427694
1.61E+18,0.067708068,0,0.11697372
1.61E+18,0.11946556,0,-0.011105001
1.61E+18,0.085440882,0,-0.19667393
1.61E+18,0.026352474,0,-0.346675485
1.61E+18,-0.061558712,0,-0.481724203
1.61E+18,-0.154568762,0,-0.595597446
1.61E+18,-0.253160834,0,-0.658031225
1.61E+18,-0.290248007,0,-0.65624404
1.61E+18,-0.25782609,0,-0.650229037
1.61E+18,-0.238506392,0,-0.680168927
1.61E+18,-0.249803856,0,-0.644221842
1.61E+18,-0.202509254,0,-0.539214909
1.61E+18,-0.130147651,0,-0.431549221
1.61E+18,0.00229606,0,-0.218180925
1.61E+18,0.075661406,0,-0.172329172
1.61E+18,0.194351673,0,-0.159211099
1.61E+18,0.29067719,0,-0.11874681
1.61E+18,0.342020333,0,-0.106087744
1.61E+18,0.400419027,0,-0.134637639
1.61E+18,0.428535849,0,-0.147558779
1.61E+18,0.451065898,0,-0.177264109
1.61E+18,0.455921829,0,-0.225115329
1.61E+18,0.495503962,0,-0.256870538
1.61E+18,0.54342556,0,-0.361156136
1.61E+18,0.644426465,0,-0.393630207
1.61E+18,0.75556165,0,-0.397574365
1.61E+18,0.919748902,0,-0.418871641
1.61E+18,1.0589571,0,-0.473444968
1.61E+18,1.13738203,0,-0.576375842
1.61E+18,1.169659019,0,-0.712114155
1.61E+18,1.136971712,0,-0.868217051
1.61E+18,1.021199465,0,-0.996535182
1.61E+18,0.683701277,0,-1.030418396
1.61E+18,0.535108089,0,-0.999589503
1.61E+18,0.57908237,0,-0.890788138
1.61E+18,0.505670011,0,-0.755470097
1.61E+18,0.696476579,0,-0.576084793
1.61E+18,0.9306615,0,-0.340774566
1.61E+18,1.058048844,0,-0.045198523
1.61E+18,1.220855236,0,0.153708264
1.61E+18,1.356035233,0,0.254725337
1.61E+18,1.350072861,0,0.200410455
1.61E+18,1.236565351,0,0.081995256
1.61E+18,1.1248312,0,-0.040344581
1.61E+18,1.049959064,0,-0.250569016
1.61E+18,0.993899465,0,-0.433903396
1.61E+18,1.001116753,0,-0.58503592
1.61E+18,1.092144251,0,-0.66068089
1.61E+18,1.237979293,0,-0.692444682
1.61E+18,1.436159611,0,-0.634499133
1.61E+18,1.676300406,0,-0.53292191
1.61E+18,1.942295074,0,-0.422852278
1.61E+18,2.266961575,0,-0.396615684
1.61E+18,2.312357426,0,-0.545231581
1.61E+18,1.277547121,0,-1.357553244
1.61E+18,1.270093441,0,-0.437534451
1.61E+18,0.409733176,0,0.052941583
1.61E+18,-0.763729155,0,-0.322672606
1.61E+18,-1.683740854,0,-0.528883338
1.61E+18,-2.511893988,0,-0.507165372
1.61E+18,-2.710359812,0,-0.878092349
1.61E+18,-1.908085346,0,-1.269815803
1.61E+18,0.088703804,0,-1.173136711
1.61E+18,2.502760887,0,0.617611647
1.61E+18,2.004943848,0,1.552761316
1.61E+18,-0.048523784,0,0.580336154
1.61E+18,-1.300977588,0,-0.389881551
1.61E+18,-1.413262486,0,-0.025675118
1.61E+18,-1.264428496,0,1.084749222
1.61E+18,-1.918059468,0,0.545058966
1.61E+18,-2.482827187,0,0.10649024
1.61E+18,-2.823213339,0,0.249368161
1.61E+18,-3.0003438,0,0.490547031
1.61E+18,-2.892811775,0,0.569791555
1.61E+18,-2.111930132,0,0.766017318
1.61E+18,-1.710007906,0,1.36464262
1.61E+18,-1.312265873,0,1.573886275
1.61E+18,-0.9374547,0,1.695198178
1.61E+18,-0.731432378,0,1.601562381
1.61E+18,-0.665643692,0,1.355365872
1.61E+18,-0.667966366,0,1.045963049
1.61E+18,-0.710973144,0,0.667485237
1.61E+18,-0.748565912,0,0.279145122
1.61E+18,-0.704883873,0,-0.018308379
1.61E+18,-0.691541731,0,-0.326148391
1.61E+18,-0.680219471,0,-0.618196607
1.61E+18,-0.652766526,0,-0.857976675
1.61E+18,-0.648336411,0,-0.93387121
1.61E+18,-0.623301566,0,-0.958261609
1.61E+18,-0.596952498,0,-0.93424052
1.61E+18,-0.547944188,0,-0.781146348
1.61E+18,-0.500416219,0,-0.52113241
1.61E+18,-0.442194372,0,-0.232144326
1.61E+18,-0.318062961,0,0.039284974
1.61E+18,-0.262842953,0,0.281563014
1.61E+18,-0.276485801,0,0.668777704
1.61E+18,-0.291572332,0,0.750306964
1.61E+18,-0.336009175,0,0.84148252
1.61E+18,-0.378332078,0,0.968177676
1.61E+18,-0.453301668,0,1.033924341
1.61E+18,-0.499619424,0,1.053433061
1.61E+18,-0.499822617,0,1.031874895
1.61E+18,-0.463847816,0,0.972391784
1.61E+18,-0.390775442,0,0.933092654
1.61E+18,-0.28817004,0,0.900942743
1.61E+18,-0.139633462,0,0.838886142
1.61E+18,0.010071307,0,0.762813509
1.61E+18,0.124685057,0,0.670155048
1.61E+18,0.161879092,0,0.599189162
1.61E+18,0.247401237,0,0.53806746
1.61E+18,0.320042431,0,0.508872032
1.61E+18,0.38318944,0,0.450479269
1.61E+18,0.426608294,0,0.381682634
1.61E+18,0.457616329,0,0.328257263
1.61E+18,0.464536726,0,0.262494385
1.61E+18,0.469227374,0,0.161652595
1.61E+18,0.507556915,0,0.03465718
1.61E+18,0.541196227,0,-0.012524623
1.61E+18,0.510954499,0,-0.005964134
1.61E+18,0.409667015,0,-0.050553109
1.61E+18,0.357723534,0,0.044382144
1.61E+18,0.374551713,0,0.194274038
1.61E+18,0.376948923,0,0.362721413
1.61E+18,0.341846585,0,0.541395068
1.61E+18,0.338591844,0,0.653205812
1.61E+18,0.330542564,0,0.646316886
1.61E+18,0.264933318,0,0.591041565
1.61E+18,0.226486534,0,0.50461328
1.61E+18,0.196994469,0,0.412077576
1.61E+18,0.221555769,0,0.437758803
1.61E+18,0.346197903,0,0.48144877
1.61E+18,0.555848658,0,0.494321108
1.61E+18,0.817786813,0,0.583934605
1.61E+18,1.077898026,0,0.570083737
1.61E+18,1.308164477,0,0.50279516
1.61E+18,1.342030525,0,0.385914385
1.61E+18,0.699249387,0,0.111643024
1.61E+18,0.143523559,0,0.001310498
1.61E+18,-0.520663738,0,-0.168705285
1.61E+18,-1.177796483,0,-0.435869634
1.61E+18,-1.654358625,0,-0.665837884
1.61E+18,-1.843001723,0,-0.906585336
1.61E+18,-1.774539471,0,-0.982371449
1.61E+18,-1.396910667,0,-0.910036445
1.61E+18,-0.924919963,0,-0.841428995
1.61E+18,-0.509762466,0,-0.609026432
1.61E+18,-0.183124885,0,-0.508487105
1.61E+18,-0.06491068,0,-0.35667181
1.61E+18,-0.117827319,0,-0.348911643
1.61E+18,-0.146180257,0,-0.472978085
1.61E+18,-0.146949604,0,-0.424433917
1.61E+18,-0.089069977,0,-0.226710409
1.61E+18,-0.013122432,0,-0.104388058
1.61E+18,-0.058804698,0,-0.025885999
1.61E+18,-0.168563277,0,0.023240775
1.61E+18,-0.383087635,0,0.058086783
1.61E+18,-0.590081692,0,0.122220069
1.61E+18,-0.824753404,0,0.157586336
1.61E+18,-0.983119011,0,0.283006221
1.61E+18,-1.177216053,0,0.330290914
1.61E+18,-1.231471062,0,0.218268037
1.61E+18,-1.10244298,0,0.130804986
1.61E+18,-0.722719491,0,0.019085646
1.61E+18,-0.260752022,0,-0.061032474
1.61E+18,0.091219902,0,-0.146468371
1.61E+18,0.310662508,0,-0.27053389
1.61E+18,0.42765981,0,-0.375255018
1.61E+18,0.481303841,0,-0.438441306
1.61E+18,0.474764556,0,-0.510139585
1.61E+18,0.329410762,0,-0.62289685
1.61E+18,0.206781849,0,-0.693784118
1.61E+18,0.105193667,0,-0.744897842
1.61E+18,0.017103804,0,-0.775946856
1.61E+18,-0.066988587,0,-0.817553639
1.61E+18,-0.161818162,0,-0.854180336
1.61E+18,-0.255894125,0,-0.909202099
1.61E+18,-0.323197365,0,-0.928919256
1.61E+18,-0.252583504,0,-0.859273434
1.61E+18,0.119350262,0,-0.455365807
1.61E+18,0.081898317,0,-0.683734298
1.61E+18,-0.187165916,0,-0.918352246
1.61E+18,-0.035426214,0,-0.493922502
1.61E+18,0.335850567,0,-0.303275108
1.61E+18,0.415340722,0,-0.304458171
1.61E+18,0.331149876,0,-0.156024992
1.61E+18,0.317035973,0,-0.05863595
1.61E+18,0.402847946,0,-0.13012141
1.61E+18,0.537763,0,-0.178935677
1.61E+18,0.562732399,0,-0.114709318
1.61E+18,0.567376316,0,-0.133570611
1.61E+18,0.62700057,0,-0.178675145
1.61E+18,0.742008448,0,-0.262221217
1.61E+18,0.876502872,0,-0.329537213
1.61E+18,0.866113126,0,-0.344311029
1.61E+18,0.872860551,0,-0.363492042
1.61E+18,0.818657756,0,-0.38168785
1.61E+18,0.769359171,0,-0.373245984
1.61E+18,0.814670384,0,-0.389175683
1.61E+18,0.846796632,0,-0.498793662
1.61E+18,0.820686936,0,-0.463368118
1.61E+18,0.800116003,0,-0.446721494
1.61E+18,0.806644797,0,-0.436528206
1.61E+18,0.795348644,0,-0.426917106
1.61E+18,0.763131142,0,-0.462080419
1.61E+18,0.683559299,0,-0.55912149
1.61E+18,0.593458116,0,-0.688340187
1.61E+18,0.499336243,0,-0.80184418
1.61E+18,0.512997329,0,-0.834788144
1.61E+18,0.582745671,0,-0.872309923
1.61E+18,0.644667506,0,-0.881481707
1.61E+18,0.663436294,0,-0.899091005
1.61E+18,0.55422163,0,-0.9198035
1.61E+18,0.470313728,0,-0.859955728
1.61E+18,0.305918843,0,-0.686589599
1.61E+18,0.020645827,0,-0.558705807
1.61E+18,-0.208589911,0,-0.503545761
1.61E+18,-0.316590309,0,-0.459151775
1.61E+18,-0.357716292,0,-0.561003804
1.61E+18,-0.427113622,0,-0.644784093
1.61E+18,-0.366699398,0,-0.306334734
1.61E+18,-0.231413841,0,0.019829273
1.61E+18,-0.168473542,0,0.278050691
1.61E+18,-0.160838678,0,0.511736274
1.61E+18,-0.168542057,0,0.614643991
1.61E+18,-0.261132956,0,0.635817647
1.61E+18,-0.443959296,0,0.768131256
1.61E+18,-0.701124489,0,1.005194902
1.61E+18,-0.706773996,0,1.060209036
1.61E+18,-0.732489765,0,0.979526281
1.61E+18,-0.776410103,0,0.877396405
1.61E+18,-0.804225385,0,0.848977447
1.61E+18,-0.819033384,0,0.918736994
1.61E+18,-0.827878177,0,1.033671618
1.61E+18,-0.837797761,0,1.143357277
1.61E+18,-0.845766366,0,1.221303344
1.61E+18,-0.874701917,0,1.203798532
1.61E+18,-0.856191099,0,1.21151948
1.61E+18,-0.802444339,0,1.218971252
1.61E+18,-0.695570469,0,1.169592619
1.61E+18,-0.407927066,0,1.223723054
1.61E+18,-0.324706614,0,1.126873612
1.61E+18,-0.263625681,0,1.055582047
1.61E+18,-0.304578394,0,0.846762717
1.61E+18,-0.368214041,0,0.570659101
1.61E+18,-0.318726689,0,0.292952836
1.61E+18,-0.207307398,0,0.054386679
1.61E+18,-0.014094174,0,-0.029055506
1.61E+18,0.224673122,0,0.067690782
1.61E+18,0.445231646,0,0.300083637
1.61E+18,0.732385814,0,0.681739748
1.61E+18,0.871027112,0,1.070828438
1.61E+18,1.139497638,0,2.147306442
1.61E+18,0.841097534,0,1.904353142
1.61E+18,0.49286592,0,0.858861923
1.61E+18,0.07920593,0,0.455845535
1.61E+18,-0.163437068,0,0.54670012
1.61E+18,-0.196669161,0,0.576740742
1.61E+18,-0.01928091,0,0.512120008
1.61E+18,0.128296733,0,0.519504547
1.61E+18,0.256287396,0,0.637572289
1.61E+18,0.31348604,0,0.546817064
1.61E+18,0.245493174,0,0.309079319
1.61E+18,0.237840712,0,0.168089569
1.61E+18,0.270341009,0,0.088878691
1.61E+18,0.233816981,0,-0.044842333
1.61E+18,0.169763923,0,-0.1889752
1.61E+18,0.206955254,0,-0.32498768
1.61E+18,0.310888499,0,-0.40711394
1.61E+18,0.441882461,0,-0.293915451
1.61E+18,0.638772547,0,-0.076990098
1.61E+18,0.583890319,0,-0.075548798
1.61E+18,0.483782321,0,-0.215604767
1.61E+18,0.53375715,0,-0.291610956
1.61E+18,0.519701123,0,-0.198202386
1.61E+18,0.345685512,0,-0.087689102
1.61E+18,0.291199386,0,-0.028038263
1.61E+18,0.182683647,0,-0.006593466
1.61E+18,0.124025464,0,0.088966072
1.61E+18,0.23823595,0,0.288666874
1.61E+18,0.460472822,0,0.602822423
1.61E+18,0.441216946,0,0.970331967
1.61E+18,0.881085396,0,1.315526009
1.61E+18,0.927807152,0,1.20217371
1.61E+18,0.836054564,0,0.995612919
1.61E+18,0.717924058,0,0.71003294
1.61E+18,0.606916726,0,0.378164947
1.61E+18,0.392984658,0,-0.058623821
1.61E+18,0.301011413,0,-0.416179091
1.61E+18,0.348933011,0,-0.395146489
1.61E+18,0.448617637,0,-0.154639453
1.61E+18,0.553709686,0,-0.061904281
1.61E+18,0.492381692,0,-0.107911348
1.61E+18,0.342288673,0,-0.066722602
1.61E+18,0.159984067,0,-0.011181623
1.61E+18,0.012212992,0,0.031530261
1.61E+18,-0.130676985,0,0.063057125
1.61E+18,-0.243857861,0,0.104949176
1.61E+18,-0.313241005,0,0.252304852
1.61E+18,-0.32563144,0,0.393101752
1.61E+18,-0.27160877,0,0.490350544
1.61E+18,-0.161933064,0,0.564192355
1.61E+18,-0.065182209,0,0.601961851
1.61E+18,-0.123142421,0,0.317372918
1.61E+18,-0.126352608,0,0.075387537
1.61E+18,-0.200504541,0,-0.169637203
1.61E+18,-0.28268379,0,-0.327771068
1.61E+18,-0.23012054,0,-0.381050199
1.61E+18,-0.073387027,0,-0.404012233
1.61E+18,0.111654341,0,-0.373658627
1.61E+18,0.286124259,0,-0.351435959
1.61E+18,0.445182562,0,-0.262218565
1.61E+18,0.588245451,0,-0.130060375
1.61E+18,0.690018535,0,0.105641007
1.61E+18,0.773127735,0,0.332343757
1.61E+18,0.785936296,0,0.338630319
1.61E+18,0.701550186,0,0.328376889
1.61E+18,0.504853487,0,0.233223975
1.61E+18,0.372263134,0,0.085590422
1.61E+18,0.286948442,0,-0.056852043
1.61E+18,0.150320351,0,-0.141718864
1.61E+18,0.103434443,0,-0.154241621
1.61E+18,0.28374958,0,-0.140250623
1.61E+18,0.485412151,0,-0.371737272
1.61E+18,0.470554322,0,-0.688324451
1.61E+18,0.389802396,0,-0.964796185
1.61E+18,0.284100354,0,-1.078620076
1.61E+18,0.225707531,0,-1.012215495
1.61E+18,0.346994162,0,-0.75334084
1.61E+18,0.478301436,0,-0.324255854
1.61E+18,0.509702206,0,-0.032562137
1.61E+18,0.491607755,0,0.025871277
1.61E+18,0.451987147,0,-0.154148847
1.61E+18,0.331751108,0,-0.539666235
1.61E+18,0.153210163,0,-0.842729211
1.61E+18,-0.016652286,0,-1.075793028
1.61E+18,-0.126012862,0,-1.263993502
1.61E+18,-0.15504998,0,-1.283654451
1.61E+18,0.021923959,0,-0.923232675
1.61E+18,0.306083232,0,-0.390773028
1.61E+18,0.349309266,0,-0.267498344
1.61E+18,0.199266255,0,-0.515101254
1.61E+18,0.042132318,0,-0.588549376
1.61E+18,-0.119720459,0,-0.588941753
1.61E+18,0.033803344,0,-0.461951256
1.61E+18,0.373210371,0,0.110607147
1.61E+18,0.737220407,0,0.571546078
1.61E+18,0.890398026,0,0.477552563
1.61E+18,0.727457047,0,0.015734076
1.61E+18,0.369208843,0,-0.462429404
1.61E+18,0.131381691,0,-1.024826884
1.61E+18,0.072299361,0,-1.499044061
1.61E+18,-0.025595486,0,-1.700496793
1.61E+18,-0.381744146,0,-1.630398035
1.61E+18,-0.784244895,0,-1.477279663
1.61E+18,-0.967258453,0,-1.399653912
1.61E+18,-1.128520489,0,-1.290982366
1.61E+18,-1.285815001,0,-1.058517218
1.61E+18,-1.326141596,0,-0.707652748
1.61E+18,-1.159084082,0,-0.330811322
1.61E+18,-0.794164777,0,0.106151193
1.61E+18,-0.397904813,0,0.483989656
1.61E+18,-0.125946939,0,0.847880661
1.61E+18,0.005217195,0,0.979929328
1.61E+18,-0.138614535,0,0.818198681
1.61E+18,-0.725894451,0,0.347689986
1.61E+18,-0.864594936,0,0.220339373
1.61E+18,-0.872350454,0,0.129815385
1.61E+18,-0.837671876,0,0.027299404
1.61E+18,-0.88513869,0,-0.090857685
1.61E+18,-0.943350673,0,-0.18955636
1.61E+18,-0.999184489,0,-0.218031734
1.61E+18,-0.907181025,0,-0.207606167
1.61E+18,-0.781523585,0,-0.110325873
1.61E+18,-0.69416064,0,0.17421411
1.61E+18,-0.609423637,0,0.499854028
1.61E+18,-0.537298083,0,0.560946941
1.61E+18,-0.48908174,0,0.424571246
1.61E+18,-0.484585047,0,0.253395289
1.61E+18,-0.480689049,0,0.117347002
1.61E+18,-0.47935617,0,0.008972153
1.61E+18,-0.44826138,0,-0.167526454
1.61E+18,-0.404572606,0,-0.331046641
1.61E+18,-0.267625451,0,-0.282455713
1.61E+18,-0.074587226,0,-0.100417197
1.61E+18,0.171375275,0,-0.156525671
1.61E+18,0.211126089,0,-0.213221252
1.61E+18,0.125259757,0,-0.262161702
1.61E+18,0.150636196,0,-0.209703922
1.61E+18,0.209432364,0,-0.096653342
1.61E+18,0.140352607,0,0.054100096
1.61E+18,0.008590937,0,0.120486617
1.61E+18,-0.116518259,0,-0.000998288
1.61E+18,-0.290448189,0,-0.196849287
1.61E+18,-0.407629132,0,-0.248139173
1.61E+18,-0.47473526,0,-0.26720354
1.61E+18,-0.519008517,0,-0.294024229
1.61E+18,-0.556009769,0,-0.256332994
1.61E+18,-0.542598367,0,-0.227745369
1.61E+18,-0.489562511,0,-0.02786997
1.61E+18,-0.345727801,0,0.435716361
1.61E+18,-0.164120078,0,0.866696239
1.61E+18,-0.07757628,0,0.946893811
1.61E+18,-0.087172151,0,0.720610023
1.61E+18,-0.206479549,0,0.504355609
1.61E+18,-0.235555649,0,0.693809569
1.61E+18,0.261951923,0,0.769060314
1.61E+18,0.315085173,0,0.605721772
1.61E+18,0.370799184,0,0.52728641
1.61E+18,0.440919936,0,0.458605498
1.61E+18,0.408423245,0,0.332578212
1.61E+18,0.435217738,0,0.341795623
1.61E+18,0.458329618,0,0.351172298
1.61E+18,0.490783215,0,0.105974659
1.61E+18,0.380981565,0,-0.178227812
1.61E+18,0.170026898,0,-0.187437281
1.61E+18,-0.02564466,0,-0.149851024
1.61E+18,-0.102162123,0,-0.211206064
1.61E+18,-0.150002122,0,-0.359942943
1.61E+18,-0.184078455,0,-0.474713981
1.61E+18,-0.192489624,0,-0.458777785
1.61E+18,-0.165484786,0,-0.417890668
1.61E+18,-0.131545007,0,-0.328839719
1.61E+18,-0.113551438,0,-0.234472513
1.61E+18,-0.060136616,0,-0.026292562
1.61E+18,-0.017603576,0,0.072226152
1.61E+18,-0.13147825,0,-0.134450763
1.61E+18,-0.169071794,0,-0.299257696
1.61E+18,-0.139967561,0,-0.601324916
1.61E+18,-0.144439578,0,-0.761452436
1.61E+18,-0.131263852,0,-0.667713702
1.61E+18,-0.014519572,0,-0.43937403
1.61E+18,0.211673975,0,-0.34705916
1.61E+18,0.395779073,0,-0.234764978
1.61E+18,0.513886869,0,-0.023758978
1.61E+18,0.652659595,0,0.177090272
1.61E+18,0.758346856,0,0.118531585
1.61E+18,0.840083838,0,-0.128440276
1.61E+18,0.806590199,0,-0.284938395
1.61E+18,0.635346353,0,-0.317744583
1.61E+18,0.450979471,0,-0.389590561
1.61E+18,0.367513776,0,-0.447280228
1.61E+18,0.347980738,0,-0.340893805
1.61E+18,0.356328607,0,0.058732506
1.61E+18,0.362245321,0,0.215144649
1.61E+18,0.103129983,0,0.680747867
1.61E+18,-0.448893428,0,0.698736787
1.61E+18,-0.736881256,0,0.322410345
1.61E+18,-0.896736503,0,-0.155457139
1.61E+18,-0.862460613,0,-0.542983174
1.61E+18,-0.685473084,0,-0.617377281
1.61E+18,-0.535523534,0,-0.467800409
1.61E+18,-0.509862185,0,-0.064335763
1.61E+18,-0.436348677,0,0.267426193
1.61E+18,-0.305303097,0,0.331861794
1.61E+18,-0.130715013,0,0.071142793
1.61E+18,-0.031755924,0,-0.207814723
1.61E+18,-0.079744339,0,-0.279491127
1.61E+18,-0.087872148,0,0.006891429
1.61E+18,0.00620234,0,0.362708002
1.61E+18,0.229148507,0,0.689480782
1.61E+18,0.585207582,0,1.196547866
1.61E+18,0.943247557,0,1.58172226
1.61E+18,1.114015818,0,1.792230368
1.61E+18,1.110599518,0,1.651886702
1.61E+18,0.966515481,0,1.258763075
1.61E+18,0.448769629,0,0.378285021
1.61E+18,0.195179462,0,-0.065382898
1.61E+18,-0.03095305,0,-0.213916093
1.61E+18,-0.193507671,0,-0.2261554
1.61E+18,-0.16834259,0,-0.170953915
1.61E+18,-0.020821333,0,-0.081267461
1.61E+18,0.248598218,0,0.135314405
1.61E+18,0.426166236,0,0.312828213
1.61E+18,0.483912468,0,0.260798663
1.61E+18,0.443199396,0,-0.02150774
1.61E+18,0.321365356,0,-0.344028413
1.61E+18,0.144551873,0,-0.411716253
1.61E+18,0.011582732,0,-0.313020796
1.61E+18,-0.045086861,0,-0.236242056
1.61E+18,-0.010908723,0,-0.198642388
1.61E+18,0.075370312,0,-0.14224264
1.61E+18,0.136476278,0,-0.077665381
1.61E+18,0.190489769,0,0.053417087
1.61E+18,0.217012167,0,0.263989002
1.61E+18,0.167231441,0,0.403395772
1.61E+18,-0.010586262,0,-0.114419758
1.61E+18,-0.158896089,0,-0.331229419
1.61E+18,-0.339678645,0,-0.406249225
1.61E+18,-0.483239651,0,-0.294876039
1.61E+18,-0.535028458,0,-0.274200469
1.61E+18,-0.468987346,0,-0.349206477
1.61E+18,-0.371452093,0,-0.37620312
1.61E+18,-0.209534526,0,-0.354299933
1.61E+18,-0.04575789,0,-0.300915569
1.61E+18,0.01655066,0,-0.313415468
1.61E+18,0.025407434,0,-0.256348759
1.61E+18,-0.058904052,0,-0.255219996
1.61E+18,-0.156557202,0,-0.236750633
1.61E+18,-0.156539679,0,-0.233328089
1.61E+18,-0.081530213,0,-0.29191196
1.61E+18,0.019665599,0,-0.293000311
1.61E+18,0.07372117,0,-0.134905413
1.61E+18,0.127308667,0,0.044056624
1.61E+18,0.15566951,0,0.11244151
1.61E+18,0.138935626,0,0.111730456
1.61E+18,0.026254773,0,0.002780437
1.61E+18,-0.175427556,0,-0.179451406
1.61E+18,-0.2059412,0,-0.270944089
1.61E+18,-0.100674152,0,-0.24339278
1.61E+18,0.02517724,0,-0.215790689
1.61E+18,0.07916826,0,-0.214391857
1.61E+18,0.159946382,0,-0.235352576
1.61E+18,0.219258964,0,-0.224080086
1.61E+18,0.238790572,0,-0.152023122
1.61E+18,0.237437606,0,-0.08114399
1.61E+18,0.268022895,0,-0.078769073
1.61E+18,0.323553801,0,-0.039221928
1.61E+18,0.265905619,0,0.023794174
1.61E+18,0.174508452,0,-0.019790187
1.61E+18,0.056877494,0,-0.017643243
1.61E+18,-0.119915545,0,-0.060002342
1.61E+18,-0.230210125,0,-0.084065869
1.61E+18,-0.215569139,0,-0.089653745
1.61E+18,-0.033652365,0,-0.006812006
1.61E+18,-1.406588078,0,0.810576677
1.61E+18,0.637843013,0,-0.043532372
1.61E+18,0.170421004,0,-0.112938046
1.61E+18,0.295502126,0,-0.087083325
1.61E+18,0.198833764,0,-0.060979187
1.61E+18,0.151790917,0,-0.016391248
1.61E+18,0.12907654,0,0.037434399
1.61E+18,0.080026448,0,0.057543427
1.61E+18,0.098964036,0,0.07331109
1.61E+18,0.11183542,0,0.044601053
1.61E+18,0.084126592,0,0.053698868
1.61E+18,0.079199076,0,0.071477383
1.61E+18,0.082282901,0,0.05287841
1.61E+18,0.11259675,0,0.043840528
1.61E+18,0.135678828,0,0.016483426
1.61E+18,0.143617928,0,-0.008930176
1.61E+18,0.165843248,0,-0.014467418
1.61E+18,0.137663841,0,0.016726613
1.61E+18,0.126973331,0,0.012041211
1.61E+18,0.115676105,0,0.012558103
1.61E+18,0.102279365,0,0.019744307
1.61E+18,0.072292328,0,0.057815939
1.61E+18,0.051811039,0,0.065817237
1.61E+18,0.015308499,0,0.067217827
1.61E+18,0.022996306,0,0.053269297
1.61E+18,0.093058109,0,0.011814356
1.61E+18,0.10485661,0,-0.003618687
1.61E+18,0.202645302,0,-0.059784219
1.61E+18,0.249732137,0,-0.100357637
1.61E+18,0.289029896,0,-0.11618039
1.61E+18,0.289146602,0,-0.119749375
1.61E+18,0.265099645,0,-0.09897691
1.61E+18,0.216095269,0,-0.047163978
1.61E+18,0.153758764,0,-0.00944218
1.61E+18,0.115113378,0,0.015364558
1.61E+18,0.115766943,0,0.015874505
1.61E+18,0.123348415,0,0.021599531
1.61E+18,0.116885841,0,0.006650776
1.61E+18,0.120511651,0,0.0042862
1.61E+18,0.106626272,0,-0.000170231
1.61E+18,0.110027194,0,0.005376667
1.61E+18,0.090729296,0,0.012365371
1.61E+18,0.098377407,0,0.003593147
1.61E+18,0.105107069,0,0.009749383
1.61E+18,0.069788754,0,0.03949213
1.61E+18,0.028550506,0,0.050843239
1.61E+18,-0.019288063,0,0.058295101
1.61E+18,-0.004905343,0,0.127332956
1.61E+18,-0.159577847,0,0.311779857
1.61E+18,-0.381972969,0,0.41133672
1.61E+18,-0.518791854,0,0.214566767
1.61E+18,-0.539117575,0,-0.147535115
1.61E+18,-0.563851714,0,-0.474266469
1.61E+18,-0.664348483,0,-0.59815222
1.61E+18,-0.765694737,0,-0.636888742
1.61E+18,-0.843151331,0,-0.576423049
1.61E+18,-0.882117629,0,-0.550894141
1.61E+18,-0.915270209,0,-0.671189547
1.61E+18,-0.94959259,0,-0.73548764
1.61E+18,-1.013641357,0,-0.588270366
1.61E+18,-0.957153797,0,-0.401420236
1.61E+18,-0.809316397,0,-0.254181951
1.61E+18,-0.642985702,0,-0.106848635
1.61E+18,-0.498904109,0,0.046782508
1.61E+18,-0.314706087,0,0.169832259
1.61E+18,-0.23509407,0,0.373084396
1.61E+18,-0.229707122,0,0.365027845
1.61E+18,-0.284470677,0,0.295638829
1.61E+18,-0.306619406,0,0.335779041
1.61E+18,-0.261737466,0,0.36477384
1.61E+18,-0.164230227,0,0.440418392
1.61E+18,-0.061484098,0,0.529915512
1.61E+18,0.047318816,0,0.577350616
1.61E+18,0.074681997,0,0.554942131
1.61E+18,0.083396792,0,0.484044254
1.61E+18,-0.034210563,0,0.620485187
1.61E+18,-0.169551969,0,0.609740317
1.61E+18,-0.207545877,0,0.336752594
1.61E+18,-0.162315845,0,0.060311079
1.61E+18,-0.190371394,0,-0.017941341
1.61E+18,-0.248151541,0,0.011160702
1.61E+18,-0.283484221,0,0.049203411
1.61E+18,-0.296416759,0,0.081049666
1.61E+18,-0.128334641,0,0.253501892
1.61E+18,-0.029316664,0,0.293571174
1.61E+18,0.010127306,0,0.206253886
1.61E+18,-0.005379081,0,0.12813133
1.61E+18,-0.081949115,0,0.11859569
1.61E+18,-0.163967729,0,0.048752278
1.61E+18,-0.257065654,0,-0.042109206
1.61E+18,-0.382275343,0,-0.108083591
1.61E+18,-0.55335319,0,-0.082375154
1.61E+18,-0.658012152,0,-0.080042303
1.61E+18,-0.714661717,0,-0.147259191
1.61E+18,-0.750084519,0,-0.233620971
1.61E+18,-0.79118073,0,-0.298138231
1.61E+18,-0.771079421,0,-0.351403952
1.61E+18,-0.725306153,0,-0.37879616
1.61E+18,-0.649558067,0,-0.312608659
1.61E+18,-0.566046953,0,-0.217191935
1.61E+18,-0.476545453,0,-0.15839459
1.61E+18,-0.438052773,0,-0.022535026
1.61E+18,-0.500939608,0,0.14587158
1.61E+18,-0.574487686,0,0.161465585
1.61E+18,-0.637115598,0,0.035859913
1.61E+18,-0.721499085,0,-0.183211595
1.61E+18,-0.900882602,0,-0.628878295
1.61E+18,-0.948370337,0,-0.717981637
1.61E+18,-0.919486046,0,-0.609564066
1.61E+18,-0.806989312,0,-0.456964701
1.61E+18,-0.616847992,0,-0.302578092
1.61E+18,-0.474639177,0,-0.140337363
1.61E+18,-0.454625368,0,-0.076030403
1.61E+18,-0.481531262,0,-0.113397643
1.61E+18,-0.549792409,0,-0.195834354
1.61E+18,-0.592155218,0,-0.253016859
1.61E+18,-0.624754071,0,-0.27806586
1.61E+18,-0.665680051,0,-0.257407963
1.61E+18,-0.645086646,0,-0.291030616
1.61E+18,-0.532725096,0,-0.140863955
1.61E+18,-0.322992921,0,0.129598662
1.61E+18,-0.111709595,0,0.459435105
1.61E+18,0.000695348,0,0.696754694
1.61E+18,0.017528415,0,0.845724404
1.61E+18,-0.022474289,0,0.937527537
1.61E+18,-0.056258082,0,0.897973061
1.61E+18,0.14419961,0,0.650871277
1.61E+18,0.334715903,0,0.22107546
1.61E+18,0.440056741,0,0.285633922
1.61E+18,0.43359834,0,0.468460083
1.61E+18,0.323417723,0,0.561210036
1.61E+18,0.150239348,0,0.590093613
1.61E+18,-0.076640844,0,0.724123418
1.61E+18,-0.219780803,0,0.925619781
1.61E+18,-0.17599833,0,1.201008677
1.61E+18,-0.071427107,0,1.341360092
1.61E+18,0.031373858,0,1.274065256
1.61E+18,0.128244162,0,1.133073092
1.61E+18,0.259928584,0,0.91454792
1.61E+18,0.447552383,0,0.612576604
1.61E+18,0.741223454,0,0.28260231
1.61E+18,0.982656598,0,-0.046030417
1.61E+18,1.188391685,0,-0.319404393
1.61E+18,1.390518308,0,-0.551409125
1.61E+18,1.593044996,0,-0.600698829
1.61E+18,1.51616168,0,-0.310988307
1.61E+18,1.660606265,0,-0.207422659
1.61E+18,1.721462011,0,0.179807425
1.61E+18,1.483475208,0,0.208002776
1.61E+18,1.177310705,0,0.099442124
1.61E+18,0.932170093,0,0.091707736
1.61E+18,0.732349098,0,0.215135634
1.61E+18,0.694168806,0,0.352321744
1.61E+18,0.756220698,0,0.495203257
1.61E+18,0.791262686,0,0.626120031
1.61E+18,0.760765195,0,0.673135996
1.61E+18,0.623233378,0,0.646351337
1.61E+18,0.460281789,0,0.507719934
1.61E+18,0.316611081,0,0.326856732
1.61E+18,0.14541167,0,0.118018925
1.61E+18,0.18614769,0,-0.089213848
1.61E+18,0.309461623,0,-0.218437374
1.61E+18,0.363922119,0,-0.216484427
1.61E+18,0.386687636,0,-0.370436519
1.61E+18,0.357380569,0,-0.624157488
1.61E+18,0.217549264,0,-0.859208345
1.61E+18,0.001031339,0,-1.113697767
1.61E+18,-0.197604597,0,-1.383657813
1.61E+18,-0.365212023,0,-1.555699587
1.61E+18,-0.501217484,0,-1.462122202
1.61E+18,-0.588689804,0,-1.470969558
1.61E+18,-0.625076652,0,-1.557159185
1.61E+18,-0.681320071,0,-1.51977849
1.61E+18,-0.725184858,0,-1.548928857
1.61E+18,-0.720642984,0,-1.659692526
1.61E+18,-0.696567893,0,-1.695908904
1.61E+18,-0.720221817,0,-1.70570457
1.61E+18,-0.626098156,0,-1.636397362
1.61E+18,-0.537310779,0,-1.567815542
1.61E+18,-0.466973007,0,-1.326280594
1.61E+18,-0.404438376,0,-0.982423902
1.61E+18,-0.305811882,0,-0.624270678
1.61E+18,-0.172597006,0,-0.302974105
1.61E+18,-0.072158381,0,-0.000510514
1.61E+18,-0.043339863,0,0.180409506
1.61E+18,-0.086871535,0,0.206398651
1.61E+18,-0.107786804,0,0.115550995
1.61E+18,-0.085384101,0,0.036615953
1.61E+18,-0.063813984,0,0.10159646
1.61E+18,-0.222834647,0,0.0051331
1.61E+18,-0.41352421,0,-0.024581911
1.61E+18,-0.585477829,0,0.045298319
1.61E+18,-0.735593021,0,0.292195201
1.61E+18,-0.792268395,0,0.665648699
1.61E+18,-0.646896005,0,1.181931853
1.61E+18,-0.429681957,0,1.684746861
1.61E+18,-0.225531667,0,2.010841608
1.61E+18,-0.117388427,0,2.095974445
1.61E+18,0.013678521,0,2.035004139
1.61E+18,0.203841671,0,1.819760799
1.61E+18,0.257933229,0,1.42893815
1.61E+18,0.194203496,0,0.97625941
1.61E+18,0.111879706,0,0.516561747
1.61E+18,0.152799606,0,0.11457812
1.61E+18,0.18445769,0,-0.079635672
1.61E+18,0.124451727,0,-0.232178971
1.61E+18,0.125402957,0,-0.313669801
1.61E+18,0.188972577,0,-0.189048663
1.61E+18,0.214661315,0,0.120224096
1.61E+18,0.042582482,0,0.454496473
1.61E+18,-0.119162351,0,0.613585114
1.61E+18,-0.226243049,0,0.788257241
1.61E+18,-0.289012969,0,1.0324018
1.61E+18,-0.287430465,0,1.268318772
1.61E+18,-0.240533546,0,1.302138567
1.61E+18,-0.196195856,0,1.339550376
1.61E+18,-0.107326627,0,1.408352852
1.61E+18,0.015232474,0,1.534290314
1.61E+18,0.128413349,0,1.503959298
1.61E+18,0.106155485,0,1.335456848
1.61E+18,0.043952882,0,1.08286953
1.61E+18,0.019795179,0,0.836467206
1.61E+18,0.002717882,0,0.664798379
1.61E+18,-0.017310053,0,0.538368523
1.61E+18,-0.095187902,0,0.385572195
1.61E+18,-0.213337243,0,0.284601271
1.61E+18,-0.273588508,0,0.304310441
1.61E+18,-0.282998055,0,0.445072532
1.61E+18,-0.265440226,0,0.619286895
1.61E+18,-0.215575188,0,0.804366291
1.61E+18,-0.184232682,0,1.01319921
1.61E+18,-0.289480031,0,0.873181343
1.61E+18,-0.425230354,0,0.738296568
1.61E+18,-0.54444766,0,0.665955901
1.61E+18,-0.633711159,0,0.689521611
1.61E+18,-0.71308136,0,0.719784856
1.61E+18,-0.739129186,0,0.728264332
1.61E+18,-0.94976747,0,0.764130354
1.61E+18,-1.046697378,0,0.865929246
1.61E+18,-1.058075786,0,0.910510421
1.61E+18,-1.076456666,0,0.96118319
1.61E+18,-1.102066278,0,0.955441713
1.61E+18,-1.106895924,0,0.887443602
1.61E+18,-1.10976696,0,0.845616102
1.61E+18,-1.059045434,0,0.814282417
1.61E+18,-0.964818299,0,0.786194205
1.61E+18,-0.903339267,0,0.740619481
1.61E+18,-0.864751756,0,0.732124507
1.61E+18,-0.912789881,0,0.741123438
1.61E+18,-1.009274483,0,0.706145465
1.61E+18,-1.448010445,0,0.274644464
1.61E+18,-1.672153234,0,0.058418155
1.61E+18,-1.762964249,0,0.026154041
1.61E+18,-1.659099579,0,0.051173061
1.61E+18,-1.493362904,0,0.09179455
1.61E+18,-1.392429829,0,0.115490079
1.61E+18,-1.247761965,0,0.120928794
1.61E+18,-1.03341651,0,0.052252948
1.61E+18,-0.84503758,0,-0.115882203
1.61E+18,-0.70118171,0,-0.359193444
1.61E+18,-0.797308445,0,-0.89678359
1.61E+18,-1.097652316,0,-1.486534119
1.61E+18,-1.196587205,0,-1.587525487
1.61E+18,-1.257328987,0,-1.680617452
1.61E+18,-1.299549818,0,-1.666334987
1.61E+18,-1.38641274,0,-1.300438404
1.61E+18,-1.539643764,0,-0.630772233
1.61E+18,-1.67231214,0,0.190962076
1.61E+18,-1.638370514,0,0.782888293
1.61E+18,-1.600272775,0,1.052178979
1.61E+18,-1.612983108,0,1.114408493
1.61E+18,-1.128956914,0,0.932750702
1.61E+18,-0.66821146,0,0.828345776
1.61E+18,-0.232889801,0,0.874382973
1.61E+18,0.157854676,0,0.993457675
1.61E+18,0.481984317,0,1.10200417
1.61E+18,0.732328176,0,1.262254
1.61E+18,0.889472365,0,1.365351439
1.61E+18,0.931961417,0,1.259590864
1.61E+18,0.955230594,0,1.053162575
1.61E+18,0.793051124,0,0.815304697
1.61E+18,0.207623661,0,0.414877355
1.61E+18,0.016708672,0,0.219065309
1.61E+18,0.112374216,0,0.148812056
1.61E+18,0.159303933,0,0.242403507
1.61E+18,0.101563424,0,0.290402353
1.61E+18,0.086824268,0,0.23495847
1.61E+18,0.04883793,0,0.088396132
1.61E+18,-0.01233381,0,-0.058434069
1.61E+18,0.061162025,0,-0.178309262
1.61E+18,0.237403035,0,-0.301260531
1.61E+18,0.364438385,0,-0.410681307
1.61E+18,0.447631776,0,-0.373390794
1.61E+18,0.465862989,0,-0.203267455
1.61E+18,0.476311684,0,0.013425827
1.61E+18,0.484680504,0,0.26854527
1.61E+18,0.486458719,0,0.532049537
1.61E+18,0.519305646,0,0.72940892
1.61E+18,0.550716519,0,0.894141674
1.61E+18,0.558676541,0,1.054301977
1.61E+18,0.562797546,0,1.220296979
1.61E+18,0.59849298,0,1.396724582
1.61E+18,0.707176924,0,1.543967485
1.61E+18,0.822481394,0,1.648501873
1.61E+18,0.900506556,0,1.654283285
1.61E+18,0.935782015,0,1.531421542
1.61E+18,0.929517269,0,1.391238928
1.61E+18,0.907967091,0,1.238550544
1.61E+18,0.919306874,0,1.088953257
1.61E+18,0.90539664,0,0.964952111
1.61E+18,0.883635223,0,0.842819452
1.61E+18,0.823006809,0,0.809952974
1.61E+18,0.828864336,0,0.863777936
1.61E+18,0.851694107,0,0.927698791
1.61E+18,0.823881328,0,0.910124302
1.61E+18,0.730507433,0,0.872417212
1.61E+18,0.623225451,0,0.825940967
1.61E+18,0.575342178,0,0.714552343
1.61E+18,0.596692264,0,0.575599372
1.61E+18,0.708799839,0,0.410699964
1.61E+18,0.909251094,0,0.218031585
1.61E+18,1.10152936,0,0.013076007
1.61E+18,1.14036572,0,-0.014148295
1.61E+18,0.970288754,0,0.201319784
1.61E+18,0.575897217,0,0.642019808
1.61E+18,0.109615713,0,1.182501316
1.61E+18,-0.274439394,0,1.612914443
1.61E+18,-0.611809075,0,1.68694663
1.61E+18,-0.860001862,0,1.415566683
1.61E+18,-1.058290601,0,0.832130551
1.61E+18,-1.262129664,0,0.120760247
1.61E+18,-1.510948181,0,-0.469058335
1.61E+18,-1.479883909,0,-0.977405488
1.61E+18,-1.047746897,0,-1.670703411
1.61E+18,-0.890773237,0,-1.213887215
1.61E+18,-0.840614617,0,-0.47562021
1.61E+18,-0.702836871,0,0.266669989
1.61E+18,-0.628347754,0,0.80044651
1.61E+18,-0.849658668,0,1.223497748
1.61E+18,-1.21455431,0,1.375869513
1.61E+18,-1.39299345,0,1.242019176
1.61E+18,-1.424904823,0,0.909868836
1.61E+18,-1.397903919,0,0.662665367
1.61E+18,-1.267261028,0,0.56752044
1.61E+18,-0.747630358,0,0.783054829
1.61E+18,-0.380109012,0,1.148411036
1.61E+18,-0.015461922,0,1.498494625
1.61E+18,0.27440393,0,1.890009642
1.61E+18,0.467689037,0,2.248299837
1.61E+18,0.516830325,0,2.441766024
1.61E+18,0.400462389,0,2.371435881
1.61E+18,0.173665762,0,2.07032752
1.61E+18,-0.316836953,0,1.647134066
1.61E+18,-0.461399317,0,0.792060852
1.61E+18,-0.569222271,0,0.364523709
1.61E+18,-0.513256431,0,0.170681223
1.61E+18,-0.291763544,0,0.179815501
1.61E+18,0.021353126,0,0.283096105
1.61E+18,0.306059957,0,0.395823091
1.61E+18,0.550995946,0,0.509940863
1.61E+18,0.680582523,0,0.593207598
1.61E+18,0.752632856,0,0.768375933
1.61E+18,0.773041964,0,0.93253994
1.61E+18,0.745747566,0,0.947891831
1.61E+18,0.69314456,0,0.870109379
1.61E+18,0.601545215,0,0.793146551
1.61E+18,0.549549341,0,0.754865289
1.61E+18,0.533366084,0,0.703544378
1.61E+18,0.481988549,0,0.634298205
1.61E+18,0.567432165,0,0.789053798
1.61E+18,0.74312377,0,1.014650345
1.61E+18,1.017566919,0,1.198691845
1.61E+18,1.250368357,0,1.289977193
1.61E+18,1.48174119,0,1.228511214
1.61E+18,1.419812679,0,1.072324395
1.61E+18,1.249144435,0,0.779516339
1.61E+18,1.028383493,0,0.453308821
1.61E+18,0.806826472,0,0.202321514
1.61E+18,0.545659542,0,-0.014526173
1.61E+18,0.375465035,0,-0.174861252
1.61E+18,0.282990813,0,-0.267876536
1.61E+18,0.277269244,0,-0.284066319
1.61E+18,0.273695111,0,-0.237930164
1.61E+18,0.281058311,0,-0.151303411
1.61E+18,0.303404808,0,-0.068851486
1.61E+18,0.30155623,0,-0.055014253
1.61E+18,0.305921793,0,-0.231522411
1.61E+18,0.209894776,0,-0.441778064
1.61E+18,0.038571954,0,-0.604773879
1.61E+18,-0.189947724,0,-0.703186035
1.61E+18,-0.404169917,0,-0.738461375
1.61E+18,-0.59629178,0,-0.674174249
1.61E+18,-0.694478273,0,-0.552939415
1.61E+18,-0.737901926,0,-0.461235762
1.61E+18,-0.735642433,0,-0.278200299
1.61E+18,-0.542407513,0,-0.244279668
1.61E+18,-0.021859169,0,-0.462558687
1.61E+18,0.809569836,0,-0.601306856
1.61E+18,1.611789703,0,-0.410737038
1.61E+18,2.194858313,0,0.125182092
1.61E+18,2.312244892,0,0.626471937
1.61E+18,1.888097763,0,1.137522936
1.61E+18,0.985838175,0,1.416759014
1.61E+18,0.0052948,0,1.396656513
1.61E+18,-0.648896337,0,1.036640048
1.61E+18,-1.000079632,0,0.306236714
1.61E+18,-1.194780111,0,-0.449930161
1.61E+18,-1.258937955,0,-0.892270446
1.61E+18,-1.294732094,0,-1.150993705
1.61E+18,-1.268202543,0,-1.312556028
1.61E+18,-1.072952032,0,-1.502040505
1.61E+18,-0.790914416,0,-1.610952497
1.61E+18,-0.581639647,0,-1.842225671
1.61E+18,-0.567221642,0,-1.653414845
1.61E+18,-0.899215579,0,-1.410930157
1.61E+18,-1.066183805,0,-1.77913177
1.61E+18,-1.315274239,0,-2.057338476
1.61E+18,-1.62847209,0,-2.211290359
1.61E+18,-1.798483372,0,-2.365511656
1.61E+18,-1.868918538,0,-2.556722164
1.61E+18,-1.823484421,0,-2.631261587
1.61E+18,-1.706891537,0,-2.497248173
1.61E+18,-1.476293564,0,-2.3320086
1.61E+18,-1.125403047,0,-2.198672533
1.61E+18,-0.766413808,0,-1.929794312
1.61E+18,-0.473097324,0,-1.512737393
1.61E+18,-0.227028847,0,-1.076104999
1.61E+18,-0.004294634,0,-0.73004818
1.61E+18,0.183373451,0,-0.496254206
1.61E+18,0.305560112,0,-0.387768835
1.61E+18,0.318833113,0,-0.39497754
1.61E+18,0.277773619,0,-0.465447724
1.61E+18,0.231256247,0,-0.56876123
1.61E+18,0.190824747,0,-0.677757144
1.61E+18,0.179398537,0,-0.742021322
1.61E+18,0.24268961,0,-0.578405619
1.61E+18,0.340364695,0,-0.449200839
1.61E+18,0.409323215,0,-0.328264952
1.61E+18,0.458347797,0,-0.170603454
1.61E+18,0.483097315,0,-0.006903142
1.61E+18,0.477007866,0,0.139465168
1.61E+18,0.427829742,0,0.222557664
1.61E+18,0.370329142,0,0.263160229
1.61E+18,0.300419569,0,0.253609955
1.61E+18,0.284967184,0,0.20549649
1.61E+18,0.320675969,0,0.165639922
1.61E+18,0.376345992,0,0.135653868
1.61E+18,0.412600636,0,0.156252921
1.61E+18,0.430040717,0,0.193388492
1.61E+18,0.437900186,0,0.264823496
1.61E+18,0.487530828,0,0.303842723
1.61E+18,0.549268484,0,0.290739596
1.61E+18,0.597198963,0,0.24210757
1.61E+18,0.647397041,0,0.159719288
1.61E+18,0.740161061,0,0.02807451
1.61E+18,0.864025116,0,-0.107469395
1.61E+18,1.0716362,0,-0.244785637
1.61E+18,1.177796364,0,-0.170168564
1.61E+18,1.346518755,0,-0.219765767
1.61E+18,1.464994431,0,-0.341150939
1.61E+18,1.463571072,0,-0.410405219
1.61E+18,1.374132872,0,-0.405364394
1.61E+18,1.291975498,0,-0.406482518
1.61E+18,1.21107173,0,-0.396905154
1.61E+18,1.124609232,0,-0.396411657
1.61E+18,1.044453382,0,-0.393013448
1.61E+18,0.954506159,0,-0.488338888
1.61E+18,0.796868563,0,-0.596389949
1.61E+18,0.594025135,0,-0.574941158
1.61E+18,0.523484468,0,-0.625572801
1.61E+18,0.747996569,0,-0.937798262
1.61E+18,1.16514039,0,-1.381487608
1.61E+18,1.353064299,0,-1.652219892
1.61E+18,1.409236908,0,-1.567222357
1.61E+18,1.355431557,0,-1.176272154
1.61E+18,1.136424065,0,-0.504039645
1.61E+18,0.070894718,0,1.115457296
1.61E+18,-0.338760614,0,1.276951909
1.61E+18,-0.679463029,0,0.835947812
1.61E+18,-1.018496037,0,0.04512614
1.61E+18,-1.325165987,0,-0.62104708
1.61E+18,-1.541363001,0,-0.828157067
1.61E+18,-1.74767673,0,-0.710281134
1.61E+18,-1.928341389,0,-0.430598557
1.61E+18,-2.021941185,0,-0.091602176
1.61E+18,-2.031041622,0,0.245017141
1.61E+18,-2.041383266,0,0.620883584
1.61E+18,-2.061979771,0,0.968833804
1.61E+18,-2.07933259,0,1.216202736
1.61E+18,-2.036088943,0,1.388463259
1.61E+18,-1.940376282,0,1.44820118
1.61E+18,-1.728321791,0,1.470679402
1.61E+18,-1.348617196,0,1.434107423
1.61E+18,-0.879723191,0,1.330359221
1.61E+18,-0.507158995,0,1.202930927
1.61E+18,-0.289425611,0,1.061658978
1.61E+18,-0.195275307,0,0.899920821
1.61E+18,-0.207151651,0,0.279522121
1.61E+18,-0.257019043,0,0.101454005
1.61E+18,-0.38314867,0,-0.041863099
1.61E+18,-0.47466743,0,-0.009252697
1.61E+18,-0.490257144,0,-0.169963986
1.61E+18,-0.423712015,0,-0.072386026
1.61E+18,-0.308456659,0,-0.000645891
1.61E+18,-0.130075455,0,0.037731182
1.61E+18,-0.003989697,0,0.067477502
1.61E+18,0.052364111,0,0.122919694
1.61E+18,0.036140203,0,0.12475086
1.61E+18,-0.001082897,0,0.054723743
1.61E+18,-0.040644407,0,0.068819195
1.61E+18,-0.021925926,0,0.127583444
1.61E+18,0.035260201,0,0.125899807
1.61E+18,0.077050447,0,0.186793476
1.61E+18,0.102220774,0,0.247567385
1.61E+18,0.109582424,0,0.312943667
1.61E+18,0.127107143,0,0.38610819
1.61E+18,0.18368721,0,0.475073397
1.61E+18,0.27853322,0,0.528966129
1.61E+18,0.412025452,0,0.610990822
1.61E+18,0.505391836,0,0.64206934
1.61E+18,0.60154295,0,0.619030476
1.61E+18,0.687569857,0,0.654130816
1.61E+18,0.778256416,0,0.712952733
1.61E+18,0.881630898,0,0.755085051
1.61E+18,1.01589632,0,0.813615263
1.61E+18,1.173211336,0,0.814088106
1.61E+18,1.291351318,0,0.794895768
1.61E+18,1.39329195,0,0.799340367
1.61E+18,1.500031948,0,0.777803898
1.61E+18,1.597991943,0,0.732798457
1.61E+18,1.666767597,0,0.679194272
1.61E+18,1.722647905,0,0.647397518
1.61E+18,1.797190189,0,0.613659263
1.61E+18,1.902398825,0,0.612476528
1.61E+18,1.993117809,0,0.631137669
1.61E+18,2.017742872,0,0.643800616
1.61E+18,1.977220774,0,0.627038479
1.61E+18,1.887963295,0,0.572820306
1.61E+18,1.758784294,0,0.497289747
1.61E+18,1.462584496,0,0.289857984
1.61E+18,1.229835272,0,0.114799082
1.61E+18,0.93462348,0,0.010516718
1.61E+18,0.640239,0,-0.071794063
1.61E+18,0.408354044,0,-0.24112168
1.61E+18,0.396410942,0,-0.637598515
1.61E+18,0.716422319,0,-1.144750357
1.61E+18,1.081922054,0,-1.359145403
1.61E+18,1.071074009,0,-1.065523028
1.61E+18,0.746007442,0,-0.031518012
1.61E+18,0.28625989,0,1.122563362
1.61E+18,-0.133530617,0,1.603763103
1.61E+18,-0.50082922,0,1.352076769
1.61E+18,-0.874803782,0,0.765105844
1.61E+18,-1.208577633,0,0.048011601
1.61E+18,-1.517746091,0,-0.72426939
1.61E+18,-1.805408597,0,-1.309084058
1.61E+18,-1.897762537,0,-1.645808578
1.61E+18,-1.750512481,0,-1.784593582
1.61E+18,-1.411032677,0,-1.662504196
1.61E+18,-0.78158021,0,-0.778724551
1.61E+18,-0.623832226,0,-0.227940589
1.61E+18,-0.576982975,0,0.21846959
1.61E+18,-0.644599199,0,0.435826987
1.61E+18,-0.796010613,0,0.421979487
1.61E+18,-0.944629669,0,0.245166034
1.61E+18,-1.05570972,0,-0.035377458
1.61E+18,-1.149786234,0,-0.413951099
1.61E+18,-1.239518285,0,-0.732502222
1.61E+18,-1.283818841,0,-0.862316072
1.61E+18,-1.260058045,0,-0.821258903
1.61E+18,-1.192418814,0,-0.667758405
1.61E+18,-1.123071671,0,-0.406335533
1.61E+18,-1.025438428,0,-0.145678282
1.61E+18,-0.890165448,0,0.129528597
1.61E+18,-0.703981519,0,0.387588501
1.61E+18,-0.50124383,0,0.487370759
1.61E+18,-0.295846939,0,0.495910287
1.61E+18,-0.12693429,0,0.483329475
1.61E+18,0.053329945,0,0.490666538
1.61E+18,0.240516424,0,0.526138365
1.61E+18,0.603353024,0,0.498988509
1.61E+18,0.650290489,0,0.47248733
1.61E+18,0.635869026,0,0.403465092
1.61E+18,0.582805872,0,0.278454393
1.61E+18,0.54897356,0,0.095265448
1.61E+18,0.514665365,0,-0.087926492
1.61E+18,0.503521204,0,-0.253388941
1.61E+18,0.484778166,0,-0.384484559
1.61E+18,0.496008396,0,-0.496526062
1.61E+18,0.487160683,0,-0.584438086
1.61E+18,0.430371523,0,-0.602246344
1.61E+18,0.378231525,0,-0.570555806
1.61E+18,0.325101137,0,-0.504629076
1.61E+18,0.279997349,0,-0.39168337
1.61E+18,0.280052185,0,-0.221816123
1.61E+18,0.290132523,0,-0.069841534
1.61E+18,0.276769161,0,0.032660216
1.61E+18,0.246653795,0,0.043421596
1.61E+18,0.280794859,0,-0.004873663
1.61E+18,0.36323595,0,-0.102940381
1.61E+18,0.586928368,0,-0.179424122
1.61E+18,0.692156792,0,-0.179029405
1.61E+18,0.723504782,0,-0.129569933
1.61E+18,0.75940156,0,-0.016038179
1.61E+18,0.82555747,0,0.023487389
1.61E+18,0.87619853,0,0.037632555
1.61E+18,0.890465021,0,0.030597687
1.61E+18,0.865674734,0,0.055324554
1.61E+18,0.80819273,0,0.090655178
1.61E+18,0.674183369,0,0.113813847
1.61E+18,0.475241899,0,0.070542365
1.61E+18,0.237478018,0,-0.085508853
1.61E+18,0.145303488,0,-0.789254308
1.61E+18,0.436899185,0,-2.033106565
1.61E+18,0.785183191,0,-2.997545481
1.61E+18,0.83210969,0,-2.982384205
1.61E+18,0.674391508,0,-2.119690657
1.61E+18,0.506196976,0,-0.681423187
1.61E+18,0.341370344,0,0.872100592
1.61E+18,0.359205961,0,1.936074018
1.61E+18,0.407668114,0,2.394213676
1.61E+18,0.164772034,0,1.343334556
1.61E+18,-0.265104771,0,0.639915287
1.61E+18,-0.71820581,0,0.399237037
1.61E+18,-1.138839006,0,0.466851056
1.61E+18,-1.462562919,0,0.586103976
1.61E+18,-1.641891956,0,0.620829642
1.61E+18,-1.757579565,0,0.704937339
1.61E+18,-1.845307112,0,0.98877883
1.61E+18,-1.873311996,0,1.42385447
1.61E+18,-1.778875947,0,1.841999769
1.61E+18,-1.587174654,0,2.17552495
1.61E+18,-1.316195965,0,2.34044981
1.61E+18,-1.0483284,0,2.292732239
1.61E+18,-0.77300632,0,2.190125942
1.61E+18,-0.543370485,0,1.964064598
1.61E+18,-0.393979788,0,1.638349533
1.61E+18,-0.277343273,0,1.215613127
1.61E+18,-0.16957593,0,0.867228687
1.61E+18,-0.091619968,0,0.572299719
1.61E+18,-0.063034773,0,0.370999098
1.61E+18,-0.008807659,0,0.232021272
1.61E+18,-0.023211956,0,0.043488145
1.61E+18,-0.061567307,0,0.003201932
1.61E+18,-0.100418806,0,-0.060976982
1.61E+18,-0.055717945,0,-0.118509173
1.61E+18,0.072616577,0,-0.179777086
1.61E+18,0.249077082,0,-0.231239125
1.61E+18,0.380702019,0,-0.263744414
1.61E+18,0.441194057,0,-0.244377941
1.61E+18,0.473476648,0,-0.154181764
1.61E+18,0.489161491,0,-0.089403152
1.61E+18,0.509548187,0,-0.094060108
1.61E+18,0.509722471,0,-0.07357493
1.61E+18,0.445305586,0,-0.075331718
1.61E+18,0.316923618,0,-0.072866499
1.61E+18,0.170508385,0,-0.107878044
1.61E+18,0.037226439,0,-0.091113731
1.61E+18,-0.02940321,0,-0.073845938
1.61E+18,-0.028539658,0,-0.052261077
1.61E+18,0.006008863,0,-0.022927798
1.61E+18,0.065750122,0,0.066004865
1.61E+18,0.284571171,0,0.240157545
1.61E+18,0.460763454,0,0.361313283
1.61E+18,0.655896187,0,0.456418097
1.61E+18,0.826777697,0,0.484391838
1.61E+18,0.970324278,0,0.515812218
1.61E+18,1.117785931,0,0.522859216
1.61E+18,1.246391296,0,0.470797628
1.61E+18,1.333577871,0,0.333575368
1.61E+18,1.411024332,0,0.243813872
1.61E+18,1.496491671,0,0.194436818
1.61E+18,1.580474854,0,0.194032475
1.61E+18,1.698239803,0,0.216298819
1.61E+18,1.809353113,0,0.320491612
1.61E+18,1.896529675,0,0.451727003
1.61E+18,1.87767911,0,0.567145646
1.61E+18,1.785936594,0,0.678306818
1.61E+18,1.594945431,0,0.772832096
1.61E+18,1.316823721,0,0.744249523
1.61E+18,1.005889177,0,0.665789485
1.61E+18,0.597404718,0,0.535393596
1.61E+18,0.160754204,0,0.368324637
1.61E+18,-0.521175146,0,-0.570326328
1.61E+18,-0.447482109,0,-1.494512558
1.61E+18,-0.139668465,0,-2.226142168
1.61E+18,0.224093437,0,-2.352497578
1.61E+18,0.399991274,0,-1.850391746
1.61E+18,0.484095573,0,-1.017058492
1.61E+18,0.493021965,0,0.002416551
1.61E+18,0.518304348,0,0.855467379
1.61E+18,0.485480785,0,1.486474991
1.61E+18,0.296629667,0,1.744765878
1.61E+18,-0.040939331,0,1.61943984
1.61E+18,-0.491873503,0,1.100238681
1.61E+18,-0.951170921,0,0.429726332
1.61E+18,-1.364826798,0,-0.288320094
1.61E+18,-1.69555974,0,-0.753544569
1.61E+18,-1.854062319,0,-0.999693632
1.61E+18,-1.795255065,0,-0.985379934
1.61E+18,-1.576281667,0,-0.711081743
1.61E+18,-1.224125624,0,-0.38234219
1.61E+18,-0.883165836,0,-0.170233816
1.61E+18,-0.614180803,0,0.002095357
1.61E+18,-0.408800602,0,0.221962541
1.61E+18,-0.370720148,0,0.213582397
1.61E+18,-0.406099558,0,0.188085124
1.61E+18,-0.471627951,0,0.184709057
1.61E+18,-0.59335041,0,0.140168935
1.61E+18,-0.725398779,0,0.076213911
1.61E+18,-0.886809707,0,0.001692623
1.61E+18,-1.060476542,0,-0.053146049
1.61E+18,-1.192690253,0,-0.095675707
1.61E+18,-1.277126074,0,-0.13407062
1.61E+18,-1.279067516,0,-0.153962195
1.61E+18,-1.227767706,0,-0.096982703
1.61E+18,-1.101164699,0,-0.003456132
1.61E+18,-0.893877268,0,0.091615044
1.61E+18,-0.640036821,0,0.204041541
1.61E+18,-0.387393951,0,0.284716368
1.61E+18,-0.173529863,0,0.275040776
1.61E+18,-0.014966965,0,0.245125979
1.61E+18,0.056833506,0,0.216770008
1.61E+18,0.112776041,0,0.134724766
1.61E+18,0.150930405,0,-0.123430282
1.61E+18,0.173712969,0,-0.26411432
1.61E+18,0.188296795,0,-0.445468962
1.61E+18,0.200138569,0,-0.600886762
1.61E+18,0.211194515,0,-0.693775654
1.61E+18,0.256443501,0,-0.746456265
1.61E+18,0.349919558,0,-0.801167369
1.61E+18,0.445497513,0,-0.814242482
1.61E+18,0.518055916,0,-0.79299289
1.61E+18,0.580409288,0,-0.721701682
1.61E+18,0.643989086,0,-0.652398109
1.61E+18,0.703532696,0,-0.592422426
1.61E+18,0.75387764,0,-0.570858419
1.61E+18,0.789029837,0,-0.539725244
1.61E+18,0.797554493,0,-0.486697853
1.61E+18,0.812690496,0,-0.468807936
1.61E+18,0.848470449,0,-0.496941477
1.61E+18,0.91893363,0,-0.508683801
1.61E+18,0.970556974,0,-0.510866284
1.61E+18,0.983083725,0,-0.464170754
1.61E+18,0.993190527,0,-0.416137576
1.61E+18,0.993743658,0,-0.337948084
1.61E+18,1.007144451,0,-0.325591713
1.61E+18,1.041595221,0,-0.284178853
1.61E+18,1.082103729,0,-0.268047184
1.61E+18,1.1221416,0,-0.241814405
1.61E+18,1.103973627,0,-0.19740817
1.61E+18,1.059737444,0,-0.106987
1.61E+18,0.966427565,0,-0.026031792
1.61E+18,0.837193251,0,0.040920198
1.61E+18,0.731849909,0,-0.11979872
1.61E+18,0.801041126,0,-0.710949719
1.61E+18,1.070955753,0,-1.535815001
1.61E+18,1.269423008,0,-1.939517021
1.61E+18,1.259961605,0,-1.567980528
1.61E+18,1.249986649,0,-0.721508145
1.61E+18,1.201950788,0,0.440247715
1.61E+18,1.071677685,0,1.622869492
1.61E+18,1.006419182,0,2.418559074
1.61E+18,0.86573267,0,2.721296787
1.61E+18,0.548116684,0,2.339948177
1.61E+18,-0.428697109,0,0.607214749
1.61E+18,-0.869648099,0,0.265660703
1.61E+18,-1.250671148,0,0.111192405
1.61E+18,-1.563889742,0,0.025704861
1.61E+18,-1.757449389,0,-0.01193136
1.61E+18,-1.828457594,0,-0.014442205
1.61E+18,-1.772111893,0,0.110353947
1.61E+18,-1.670404553,0,0.411798596
1.61E+18,-1.566525102,0,0.799794614
1.61E+18,-1.39284122,0,1.137449741
1.61E+18,-1.1638304,0,1.317578077
1.61E+18,-0.946595192,0,1.393006802
1.61E+18,-0.796061516,0,1.424838781
1.61E+18,-0.721926689,0,1.491052628
1.61E+18,-0.717968225,0,1.482214451
1.61E+18,-0.700627565,0,1.394349575
1.61E+18,-0.701276779,0,1.189086676
1.61E+18,-0.741337538,0,0.922294378
1.61E+18,-0.78639245,0,0.67177397
1.61E+18,-0.80578506,0,0.426270664
1.61E+18,-0.777605891,0,0.224127352
1.61E+18,-0.603422165,0,-0.045681715
1.61E+18,-0.400279999,0,-0.128670841
1.61E+18,-0.156825304,0,-0.130939633
1.61E+18,0.087082624,0,-0.074009836
1.61E+18,0.331478834,0,0.046873391
1.61E+18,0.546994448,0,0.113118738
1.61E+18,0.734428406,0,0.149954647
