time,y,z,x
1610991517878339600,-0.054110050201416016,-0.2369699478149414,-0.017892003059387207
1610991517890850000,-0.06368684768676758,-0.1388082504272461,-0.05859345197677612
1610991517902094300,-0.015802860260009766,0.061107635498046875,-0.043031156063079834
1610991517912717800,0.05243194103240967,0.2682065963745117,0.027597784996032715
1610991517923027000,0.09646129608154297,0.49485015869140625,0.05287885665893555
1610991517933180000,0.11634206771850586,0.643956184387207,-0.045182108879089355
1610991517943273200,0.12232756614685059,0.6248025894165039,0.08290767669677734
1610991517953323300,0.13670885562896729,0.6719751358032227,0.0849447250366211
1610991517963353600,0.1283130645751953,0.6212472915649414,0.07773423194885254
1610991517973458400,0.09220945835113525,0.4394216537475586,0.06084930896759033
1610991517983441400,0.03391265869140625,0.15612125396728516,0.023737549781799316
1610991517993407700,-0.016643762588500977,-0.07354354858398438,-0.011246204376220703
1610991518004177000,-0.032170772552490234,-0.14014530181884766,-0.020424723625183105
1610991518013766100,0.006298542022705078,0.02829456329345703,0.00384521484375
1610991518023551500,0.06828093528747559,0.32163047790527344,0.04189252853393555
1610991518033528800,0.10219419002532959,0.5169715881347656,0.07068037986755371
1610991518044333000,0.08626997470855713,0.4712238311767578,0.06829631328582764
1610991518054599000,0.04992365837097168,0.2838630676269531,0.0417400598526001
1610991518064190500,0.0058591365814208984,0.03290081024169922,0.004730820655822754
1610991518074042400,-0.030155539512634277,-0.16238784790039062,-0.02282261848449707
1610991518083711700,-0.0649113655090332,-0.3314199447631836,-0.049028873443603516
1610991518093522400,-0.08961224555969238,-0.4295082092285156,-0.06581926345825195
1610991518103429600,-0.08499836921691895,-0.39058399200439453,-0.05779457092285156
1610991518113378800,-0.07287979125976562,-0.3315420150756836,-0.04958498477935791
1610991518123354000,-0.06855082511901855,-0.3134737014770508,-0.04988253116607666
1610991518133504000,-0.07848143577575684,-0.3539600372314453,-0.05993187427520752
1610991518143420000,-0.07795023918151855,-0.3417854309082031,-0.05833613872528076
1610991518155621600,0.04486513137817383,0.1980581283569336,0.033239126205444336
1610991518165166300,0.10861468315124512,0.5020198822021484,0.09374594688415527
1610991518174281500,0.14682722091674805,0.7115011215209961,0.14792108535766602
1610991518184081000,0.1840066909790039,0.9205265045166016,0.20272302627563477
1610991518193710800,0.2026289701461792,1.0317211151123047,0.23860645294189453
1610991518203690000,0.22080039978027344,1.1133222579956055,0.26111435890197754
1610991518213529000,0.25156259536743164,1.2422809600830078,0.29039549827575684
1610991518223440400,0.2417912483215332,1.1603717803955078,0.27052879333496094
1610991518233421000,0.18066716194152832,0.8281316757202148,0.19988799095153809
1610991518243408400,0.08996915817260742,0.38430213928222656,0.09673643112182617
1610991518253376500,-0.012583732604980469,-0.04915046691894531,-0.012383460998535156
1610991518263365400,-0.0902712345123291,-0.32554054260253906,-0.08112168312072754
1610991518273348600,-0.13324427604675293,-0.45953369140625,-0.11343002319335938
1610991518283346700,-0.12134170532226562,-0.4147071838378906,-0.10135698318481445
1610991518293570000,-0.03551888465881348,-0.12562084197998047,-0.029214143753051758
1610991518303458000,0.0676267147064209,0.25496864318847656,0.05740237236022949
1610991518313405000,0.12160015106201172,0.4964914321899414,0.11296343803405762
1610991518323380000,0.11525774002075195,0.4946565628051758,0.11637377738952637
1610991518333362400,0.0853884220123291,0.37157535552978516,0.08732914924621582
1610991518343357700,0.03183698654174805,0.13319969177246094,0.030346155166625977
1610991518353350400,-0.029311656951904297,-0.11366844177246094,-0.025831937789916992
1610991518363351600,-0.14268898963928223,-0.47132301330566406,-0.11425399780273438
1610991518373340700,-0.18220782279968262,-0.5673789978027344,-0.14452075958251953
1610991518383348700,-0.21728014945983887,-0.6441459655761719,-0.16938233375549316
1610991518393344800,-0.21592187881469727,-0.6196327209472656,-0.16083621978759766
1610991518403347700,-0.1806042194366455,-0.5123796463012695,-0.12870287895202637
1610991518413340000,-0.14136123657226562,-0.4064216613769531,-0.10184431076049805
1610991518423358200,-0.11476802825927734,-0.33872032165527344,-0.08677458763122559
1610991518433347800,-0.09511470794677734,-0.2927970886230469,-0.07550859451293945
1610991518443358700,-0.07221341133117676,-0.23567581176757812,-0.05978560447692871
1610991518453363000,-0.06207609176635742,-0.2120990753173828,-0.05294203758239746
1610991518463353600,-0.05948448181152344,-0.21039962768554688,-0.05236029624938965
1610991518473356000,-0.04693174362182617,-0.16775226593017578,-0.04070448875427246
1610991518483362000,-0.05604982376098633,-0.19863414764404297,-0.04887866973876953
1610991518493365000,-0.09771275520324707,-0.3379182815551758,-0.08784127235412598
1610991518503355100,-0.15622758865356445,-0.5156345367431641,-0.13951730728149414
1610991518513367600,-0.21591830253601074,-0.6724014282226562,-0.18474555015563965
1610991518523375900,-0.23879313468933105,-0.7081260681152344,-0.18981170654296875
1610991518533359900,-0.18389439582824707,-0.5406951904296875,-0.1396787166595459
1610991518543346200,-0.11907458305358887,-0.35709095001220703,-0.09279608726501465
1610991518553348400,-0.06224536895751953,-0.1918659210205078,-0.05057168006896973
1610991518563358200,-0.02992534637451172,-0.09598636627197266,-0.024905920028686523
1610991518573371100,0.025914430618286133,0.08629512786865234,0.02101612091064453
1610991518583861200,0.020311832427978516,0.06845760345458984,0.016594648361206055
1610991518593613300,-0.0025849342346191406,-0.008727073669433594,-0.0020987987518310547
1610991518603479600,-0.04520106315612793,-0.13945579528808594,-0.03522443771362305
1610991518613410300,-0.06676459312438965,-0.19344234466552734,-0.049509286880493164
1610991518623390700,-0.07847309112548828,-0.20923328399658203,-0.055556297302246094
1610991518633371400,-0.10158848762512207,-0.25336170196533203,-0.06964683532714844
1610991518643352600,-0.1420879364013672,-0.3384132385253906,-0.09513998031616211
1610991518653343000,-0.1903219223022461,-0.43447399139404297,-0.12175226211547852
1610991518663346400,-0.20034527778625488,-0.44242286682128906,-0.11978840827941895
1610991518673342700,-0.14644408226013184,-0.3229351043701172,-0.08401656150817871
1610991518683356400,-0.06965398788452148,-0.15721893310546875,-0.039891719818115234
1610991518693354000,0.019823312759399414,0.04631519317626953,0.011486053466796875
1610991518703349500,0.10645532608032227,0.2596311569213867,0.06270790100097656
1610991518713376500,0.1374063491821289,0.3401966094970703,0.0803687572479248
1610991518723360300,0.11184930801391602,0.27817344665527344,0.06360864639282227
1610991518733469700,0.03642630577087402,0.08840465545654297,0.020020484924316406
1610991518743429000,-0.05981945991516113,-0.13963794708251953,-0.031581878662109375
1610991518753390800,-0.1273796558380127,-0.28624725341796875,-0.06395542621612549
1610991518763369500,-0.15049242973327637,-0.3299856185913086,-0.07302522659301758
1610991518773371100,-0.060849905014038086,-0.13660240173339844,-0.028369426727294922
1610991518783382000,0.036194801330566406,0.08698272705078125,0.01681983470916748
1610991518793370600,0.13538265228271484,0.3571348190307617,0.06707417964935303
1610991518803362000,0.22917771339416504,0.6627798080444336,0.12050437927246094
1610991518813351200,0.2853736877441406,0.9015617370605469,0.16204845905303955
1610991518823357200,0.3015778064727783,1.0251083374023438,0.18181276321411133
1610991518833355000,0.30496644973754883,1.1143074035644531,0.1781092882156372
1610991518843349500,0.3473343849182129,1.2972431182861328,0.15460288524627686
1610991518853357000,0.29805803298950195,1.0570154190063477,0.1060560941696167
1610991518863356700,0.12576794624328613,0.4354743957519531,0.049214720726013184
1610991518873361000,-0.06412053108215332,0.019662857055664062,0.40227973461151123
1610991518883350800,-0.2886044979095459,0.2582111358642578,0.7802480459213257
1610991518893344300,-0.50290846824646,1.3273630142211914,1.1022242307662964
1610991518903340500,-0.7358237504959106,2.7803869247436523,1.3376917839050293
1610991518913418200,-1.0000239610671997,4.362671852111816,1.4896137714385986
1610991518924049000,-1.3423460721969604,5.968069076538086,1.5614625215530396
1610991518933700600,-1.7580692768096924,7.341547966003418,1.565264105796814
1610991518943527200,-2.2295024394989014,7.990073204040527,1.486271619796753
1610991518953433000,-2.613558769226074,7.7784833908081055,1.258891224861145
1610991518963387100,-2.801485061645508,6.7672319412231445,0.84602952003479
1610991518973374200,-2.8608813285827637,5.230637550354004,0.37519383430480957
1610991518983353600,-2.531191825866699,2.340007781982422,-0.3277050256729126
1610991518993343200,-2.2176735401153564,1.4336462020874023,-0.5678524971008301
1610991519003352000,-1.9144618511199951,0.8553495407104492,-0.7115511894226074
1610991519013426400,-1.6412403583526611,0.5599889755249023,-0.7371511459350586
1610991519023387000,-1.4327492713928223,0.44783782958984375,-0.6325014233589172
1610991519034425600,-1.255129098892212,0.5057344436645508,-0.45841169357299805
1610991519043928800,-1.1220351457595825,0.6475391387939453,-0.36719733476638794
1610991519054562300,-1.018860101699829,0.8067035675048828,-0.3528817296028137
1610991519063952600,-0.9786226749420166,0.8296670913696289,-0.421546995639801
1610991519073661200,-1.051634430885315,0.7509756088256836,-0.5476976037025452
1610991519083506200,-1.1721770763397217,0.6487808227539062,-0.6952895522117615
1610991519093427000,-1.320624589920044,0.562495231628418,-0.8096551895141602
1610991519103404000,-1.4567818641662598,0.45535755157470703,-0.8773422837257385
1610991519113367300,-1.5649936199188232,0.34263038635253906,-0.8695307970046997
1610991519123366700,-1.612558364868164,0.3068256378173828,-0.8375775814056396
1610991519133360000,-1.6104495525360107,0.3596343994140625,-0.8062340021133423
1610991519143363300,-1.565859317779541,0.44799232482910156,-0.7328729629516602
1610991519153353000,-1.5332742929458618,0.4527101516723633,-0.590478241443634
1610991519163434500,-1.486102819442749,0.47185420989990234,-0.45235079526901245
1610991519173392100,-1.3763540983200073,0.4967327117919922,-0.43365931510925293
1610991519183379700,-1.30000638961792,0.4584531784057617,-0.4270161986351013
1610991519194814700,-1.2108405828475952,0.05700492858886719,-0.3605504035949707
1610991519204073000,-1.209762692451477,-0.35474586486816406,-0.399517297744751
1610991519213711000,-1.1305816173553467,-0.8567256927490234,-0.48225653171539307
1610991519223525400,-1.1115412712097168,-1.393965721130371,-0.5715650916099548
1610991519234064100,-1.0701981782913208,-1.8092446327209473,-0.6511746048927307
1610991519243707600,-1.0193912982940674,-2.1443538665771484,-0.6871341466903687
1610991519254850300,-0.9222321510314941,-2.321805477142334,-0.7679903507232666
1610991519264128500,-0.8322557210922241,-2.3044204711914062,-0.8823710680007935
1610991519273741300,-0.7614219188690186,-2.2592716217041016,-0.9683083295822144
1610991519283540200,-0.7225775718688965,-2.1755318641662598,-0.9771625995635986
1610991519293445000,-0.6681177616119385,-2.168276309967041,-0.9525570869445801
1610991519303398100,-0.5989279747009277,-2.0692553520202637,-0.9861831665039062
1610991519313373000,-0.5538613796234131,-1.991347312927246,-1.0239920616149902
1610991519323356000,-0.5775113105773926,-1.8871665000915527,-1.0305439233779907
1610991519333772000,-0.6180729866027832,-1.7784743309020996,-1.018028736114502
1610991519343562200,-0.6143910884857178,-1.625814437866211,-0.9694364070892334
1610991519353637000,-0.5549533367156982,-1.456634521484375,-0.921398937702179
1610991519363491300,-0.4477682113647461,-1.336717128753662,-0.8737548589706421
1610991519373415000,-0.34597182273864746,-1.2252817153930664,-0.79494309425354
1610991519383481900,-0.24718880653381348,-1.1245975494384766,-0.7480046153068542
1610991519393419300,-0.12967133522033691,-1.0058469772338867,-0.7218549251556396
1610991519403378000,0.05396699905395508,-0.6572675704956055,-0.7156929969787598
1610991519413356800,0.03931117057800293,-0.5265970230102539,-0.6313421726226807
1610991519423348700,0.006865501403808594,-0.44474029541015625,-0.5026499032974243
1610991519433341200,0.052996158599853516,-0.4591655731201172,-0.4114919900894165
1610991519443366100,0.18558406829833984,-0.5506591796875,-0.37336933612823486
1610991519453371600,0.3591940402984619,-0.7003889083862305,-0.36272966861724854
1610991519463386400,0.5294969081878662,-0.8476133346557617,-0.3045024871826172
1610991519473369900,0.6802043914794922,-0.9411144256591797,-0.18331539630889893
1610991519483388200,0.8214805126190186,-1.039632797241211,-0.04162883758544922
1610991519493384700,0.9904122352600098,-1.092860221862793,0.0030765533447265625
1610991519503372000,1.1620502471923828,-1.1608877182006836,0.04597735404968262
1610991519513370600,1.3294439315795898,-1.286789894104004,0.07183277606964111
1610991519523385000,1.5011818408966064,-1.3314576148986816,0.08495354652404785
1610991519533377300,1.6305556297302246,-1.3210201263427734,0.09384965896606445
1610991519543373600,1.7165210247039795,-1.2478504180908203,0.14925622940063477
1610991519553370400,1.7331905364990234,-1.161839485168457,0.2072148323059082
1610991519563381000,1.707240343093872,-1.0184040069580078,0.24123966693878174
1610991519573395500,1.671915054321289,-0.8945541381835938,0.23466503620147705
1610991519583404300,1.5901896953582764,-0.8570489883422852,0.1699134111404419
1610991519593408000,1.4990203380584717,-0.8420562744140625,0.02617347240447998
1610991519603413500,1.3022358417510986,-0.7068147659301758,-0.2890673875808716
1610991519613412400,1.163130760192871,-0.6357088088989258,-0.39758265018463135
1610991519623414300,1.0182793140411377,-0.45362186431884766,-0.4526214599609375
1610991519633414700,0.9023747444152832,-0.2016429901123047,-0.4618544578552246
1610991519643414800,0.7846288681030273,0.15707969665527344,-0.47174084186553955
1610991519653404400,0.62471604347229,0.5561075210571289,-0.40358901023864746
1610991519663412000,0.505605936050415,0.9421482086181641,-0.3633737564086914
1610991519673399600,0.5223016738891602,1.4795551300048828,-0.6487492322921753
1610991519683436800,0.7962749004364014,1.8674602508544922,-1.0712511539459229
1610991519693402400,0.9028170108795166,1.3946752548217773,-0.7704793214797974
1610991519703383800,0.8215062618255615,0.8296432495117188,-0.26306331157684326
1610991519713379000,0.9506981372833252,0.8324003219604492,0.13187694549560547
1610991519723374000,1.045682668685913,1.3105621337890625,0.501288890838623
1610991519733407500,1.0167043209075928,2.252081871032715,0.6249158382415771
1610991519743383300,0.9448182582855225,3.6017675399780273,0.5546896457672119
1610991519753399800,0.7834525108337402,5.011192321777344,0.5333156585693359
1610991519763419000,0.3790903091430664,6.211146354675293,0.4971146583557129
1610991519773401900,-0.30745935440063477,7.057718276977539,0.5194768905639648
1610991519783384600,-1.1097534894943237,7.552517890930176,0.67415452003479
1610991519793367800,-1.8881772756576538,7.609888076782227,0.7629051208496094
1610991519803359200,-2.5509514808654785,7.2984209060668945,0.8184990882873535
1610991519813355300,-3.1678457260131836,5.236309051513672,1.0091266632080078
1610991519823376000,-3.156942844390869,3.872500419616699,1.0842232704162598
1610991519833366300,-2.9812357425689697,2.530756950378418,1.1923725605010986
1610991519843380700,-2.6807363033294678,1.4535560607910156,1.2781450748443604
1610991519853370000,-2.3058323860168457,0.7144832611083984,1.363203763961792
1610991519863397000,-1.85422945022583,0.3236417770385742,1.439422369003296
1610991519873403400,-1.448258876800537,0.14398670196533203,1.467117428779602
1610991519883384000,-1.1716067790985107,0.11032295227050781,1.4669996500015259
1610991519893377300,-0.9969974756240845,0.10232257843017578,1.5225082635879517
1610991519903367200,-0.9078515768051147,0.0029516220092773438,1.521955132484436
1610991519913362400,-0.9019507169723511,-0.28954124450683594,1.5084283351898193
1610991519923359000,-0.937444806098938,-0.7613897323608398,1.455818772315979
1610991519933358000,-0.987404465675354,-1.3131275177001953,1.3605270385742188
1610991519943399000,-1.051533579826355,-1.881523609161377,1.2337473630905151
1610991519953375700,-1.114592432975769,-2.3881096839904785,1.0590418577194214
1610991519963391700,-1.1598774194717407,-2.8328347206115723,0.8622465133666992
1610991519973377300,-1.2197743654251099,-3.2443013191223145,0.7294421195983887
1610991519983374800,-1.2574998140335083,-3.606754779815674,0.5906257629394531
1610991519993367600,-1.255300760269165,-3.8926196098327637,0.49587690830230713
1610991520003364600,-1.1468240022659302,-4.0399250984191895,0.387689471244812
1610991520013388800,-1.0021852254867554,-4.066808700561523,0.3240751028060913
1610991520023387100,-0.6316323280334473,-3.7686800956726074,0.3002805709838867
1610991520033386500,-0.4715116024017334,-3.4734315872192383,0.3389873504638672
1610991520043398100,-0.3868381977081299,-3.1894102096557617,0.47743260860443115
1610991520053385000,-0.3193778991699219,-2.842322826385498,0.6153502464294434
1610991520063388700,-0.2719545364379883,-2.480954647064209,0.773320198059082
1610991520073370400,-0.2672398090362549,-2.1899566650390625,0.9157603979110718
1610991520083362000,-0.25881052017211914,-1.9166393280029297,0.9690244197845459
1610991520093358300,-0.22144174575805664,-1.7113080024719238,0.9750303030014038
1610991520103359700,-0.18761682510375977,-1.6187105178833008,0.9821276664733887
1610991520113355800,-0.14145278930664062,-1.6020526885986328,0.9264272451400757
1610991520123358700,-0.10417985916137695,-1.639357089996338,0.8245830535888672
1610991520133356300,-0.053673505783081055,-1.6466197967529297,0.704302191734314
1610991520143361500,-0.038076162338256836,-1.7065558433532715,0.6493504047393799
1610991520153365200,-0.03368353843688965,-1.828773021697998,0.5887140035629272
1610991520163371500,-0.012892961502075195,-1.9346446990966797,0.4863262176513672
1610991520173358800,0.021439552307128906,-1.8628768920898438,0.3583371639251709
1610991520183348000,0.04832863807678223,-1.7086076736450195,0.19922220706939697
1610991520193358800,0.02655482292175293,-1.565791130065918,0.005606889724731445
1610991520203354600,0.002625703811645508,-1.5649518966674805,-0.02020430564880371
1610991520214103600,0.23988795280456543,-1.5542302131652832,0.23222589492797852
1610991520223722500,0.24124574661254883,-1.5131254196166992,0.28793132305145264
1610991520233529000,0.6656284332275391,-1.7166109085083008,-0.30021512508392334
1610991520243433700,0.8443145751953125,-1.936985969543457,-0.5244483947753906
1610991520254289400,1.062805414199829,-2.057425022125244,-0.6903927326202393
1610991520263848000,1.3250982761383057,-2.037932872772217,-0.6918198466300964
1610991520273695700,1.5544326305389404,-1.9492111206054688,-0.6693975925445557
1610991520283516000,1.729081153869629,-1.8371200561523438,-0.6007598638534546
1610991520293426000,1.8716175556182861,-1.5335474014282227,-0.5210692882537842
1610991520303379500,2.0333282947540283,-0.9315557479858398,-0.411057710647583
1610991520313355300,2.148022174835205,-0.0940713882446289,-0.27474141120910645
1610991520323344400,2.10992431640625,0.9174795150756836,-0.14679932594299316
1610991520333377300,1.916625738143921,2.082315444946289,0.008671760559082031
1610991520343354600,1.5659458637237549,3.1095809936523438,0.3146705627441406
1610991520353345000,1.2615718841552734,4.060917854309082,0.36241352558135986
1610991520363340500,1.1507925987243652,5.167436599731445,-0.10424399375915527
1610991520373337600,1.0397980213165283,5.275514602661133,-0.5050032734870911
1610991520383345200,0.8723225593566895,4.514911651611328,-0.5871318578720093
1610991520393345800,0.8521578311920166,3.817307472229004,-0.434609591960907
1610991520403345000,0.7020211219787598,3.484058380126953,-0.5384833812713623
1610991520413338000,0.34522271156311035,3.6096057891845703,-0.8292976021766663
1610991520423355100,-0.11446738243103027,4.557059288024902,-1.2522761821746826
1610991520433346800,-1.0291757583618164,6.743932723999023,-1.4113433361053467
1610991520443367000,-1.5720170736312866,6.911970138549805,-1.2509779930114746
1610991520453363500,-2.0387020111083984,6.660399436950684,-1.206756353378296
1610991520463354400,-2.2073702812194824,6.237421989440918,-1.2295054197311401
1610991520473348000,-2.223391056060791,5.696488380432129,-1.4710047245025635
1610991520483349000,-2.2646565437316895,5.04627799987793,-1.6756041049957275
1610991520493350400,-2.2462916374206543,4.377065658569336,-1.7727344036102295
1610991520503349200,-2.1471517086029053,3.801785469055176,-1.797783374786377
1610991520513352200,-2.0017666816711426,3.2898693084716797,-1.6384419202804565
1610991520523354000,-1.8124310970306396,2.823885917663574,-1.2255470752716064
1610991520533366500,-1.6871521472930908,2.308987617492676,-0.9388872981071472
1610991520543363300,-1.549153447151184,1.6622915267944336,-0.6483718156814575
1610991520553359000,-1.3667291402816772,0.9689702987670898,-0.5750595927238464
1610991520563354400,-1.1771953105926514,0.22838306427001953,-0.6321237087249756
1610991520573395700,-1.0286246538162231,-0.5416765213012695,-0.7147492170333862
1610991520583373300,-0.8794596195220947,-1.281052589416504,-0.7192407846450806
1610991520593362400,-0.7528626918792725,-1.8734560012817383,-0.721407949924469
1610991520603364400,-0.6033146381378174,-2.3159375190734863,-0.7846313714981079
1610991520613357300,-0.4585704803466797,-2.538456439971924,-0.9059330224990845
1610991520623355000,-0.31198596954345703,-2.6399097442626953,-1.029874563217163
1610991520633353500,-0.19884252548217773,-2.628293037414551,-1.0300002098083496
1610991520643385600,-0.10994648933410645,-2.448300361633301,-0.7943041920661926
1610991520653365500,-0.17205190658569336,-2.3598098754882812,-0.7151792049407959
1610991520663358000,-0.23437094688415527,-2.2504844665527344,-0.6851459741592407
1610991520673358300,-0.31229138374328613,-2.211637496948242,-0.7064404487609863
1610991520683364900,-0.42258358001708984,-2.170905113220215,-0.7396778464317322
1610991520693355800,-0.5122568607330322,-2.0696258544921875,-0.8258911967277527
1610991520703348200,-0.6076889038085938,-1.9419302940368652,-0.9374477863311768
1610991520713351400,-0.7191836833953857,-1.8841485977172852,-1.0900506973266602
1610991520723349500,-0.8291685581207275,-1.86602783203125,-1.2434672117233276
1610991520733342700,-0.9225211143493652,-1.8569817543029785,-1.4029030799865723
1610991520743368400,-0.9694108963012695,-1.7124156951904297,-1.5577020645141602
1610991520753357000,-0.9928510189056396,-1.5025315284729004,-1.617391586303711
1610991520763352600,-0.9671354293823242,-1.2428312301635742,-1.5921274423599243
1610991520773353200,-0.9128522872924805,-0.9750270843505859,-1.5487945079803467
1610991520783354600,-0.8161532878875732,-0.8199615478515625,-1.5076128244400024
1610991520793351400,-0.6832563877105713,-0.7918853759765625,-1.4908543825149536
1610991520803347700,-0.49491333961486816,-0.9002294540405273,-1.458008050918579
1610991520813347000,-0.28627824783325195,-1.075042724609375,-1.4818435907363892
1610991520823350800,-0.09997916221618652,-1.2560548782348633,-1.4984118938446045
1610991520833350000,0.08550024032592773,-1.3759727478027344,-1.484852910041809
1610991520843387600,0.34203457832336426,-1.3151273727416992,-1.4958995580673218
1610991520853398500,0.4216604232788086,-1.132035255432129,-1.4972045421600342
1610991520863404000,0.44621753692626953,-0.9158611297607422,-1.4405208826065063
1610991520873375500,0.49977993965148926,-0.6096038818359375,-1.3428051471710205
1610991520883366100,0.5479819774627686,-0.324127197265625,-1.1631970405578613
1610991520893358000,0.6283755302429199,-0.08784103393554688,-0.9523106217384338
1610991520903365400,0.765465497970581,0.13651275634765625,-0.7742956876754761
1610991520913353700,0.9268789291381836,0.18829917907714844,-0.6289353370666504
1610991520923357200,1.0678458213806152,0.059749603271484375,-0.42580580711364746
1610991520933349400,1.234194040298462,-0.14712905883789062,-0.20827865600585938
1610991520943370500,1.4745469093322754,-0.46361446380615234,-0.03371989727020264
1610991520953361200,1.7152369022369385,-0.8091545104980469,0.13692045211791992
1610991520963353900,1.9434053897857666,-1.0458297729492188,0.19850051403045654
1610991520973344300,2.131812334060669,-1.070908546447754,0.2123485803604126
1610991520983341600,2.2220399379730225,-0.8113470077514648,0.21792638301849365
1610991520993339000,2.17720627784729,-0.3203592300415039,0.22880780696868896
1610991521003339000,1.9757139682769775,0.35535430908203125,0.2999460697174072
1610991521013334500,1.593759536743164,1.1554012298583984,0.46146225929260254
1610991521023336200,1.0272021293640137,1.8888587951660156,0.6769366264343262
1610991521033336300,0.40822720527648926,2.4302797317504883,0.8943190574645996
1610991521043338500,-0.16510915756225586,2.771237373352051,0.9183205366134644
1610991521053345300,-0.6148481369018555,2.456216812133789,0.28881824016571045
1610991521063343400,-0.7811636924743652,1.4883012771606445,0.2330493927001953
1610991521073337600,-0.9452784061431885,0.8218898773193359,0.19002485275268555
1610991521083338000,-0.9140515327453613,0.7255306243896484,0.22586774826049805
1610991521093339000,-0.8824722766876221,1.2189464569091797,0.1343313455581665
1610991521103344000,-0.9761683940887451,2.096245765686035,-0.0694587230682373
1610991521113342000,-1.1814433336257935,2.9783811569213867,-0.2510344386100769
1610991521123342000,-1.4560433626174927,3.767251968383789,-0.38617807626724243
1610991521133355500,-1.7403299808502197,4.506927490234375,-0.57457435131073
1610991521143352800,-2.0161967277526855,4.980978965759277,-0.6269944906234741
1610991521153350700,-2.244965076446533,5.077557563781738,-0.3453104496002197
1610991521163389700,-2.3258824348449707,4.794877052307129,0.2290118932723999
1610991521173649700,-2.051365852355957,4.326620101928711,0.9645302295684814
1610991521183534000,-1.3703055381774902,3.973170280456543,1.6598024368286133
1610991521193473500,-0.6068120002746582,3.7290258407592773,2.040590524673462
1610991521203404000,0.06221508979797363,3.5427894592285156,2.3167104721069336
1610991521213374000,0.47926950454711914,3.4429941177368164,2.4698808193206787
1610991521223358500,0.654181957244873,3.3356504440307617,2.5470046997070312
1610991521233350400,0.574404239654541,3.0746288299560547,2.510138511657715
1610991521243357200,0.3119823932647705,2.616840362548828,2.323604106903076
1610991521253345500,0.08334088325500488,2.0159387588500977,2.093216896057129
1610991521263345400,-0.19007229804992676,0.5037517547607422,1.514370322227478
1610991521273340400,-0.34092259407043457,-0.39670372009277344,1.2864863872528076
1610991521283336000,-0.4534001350402832,-1.3217182159423828,1.1265264749526978
1610991521293337000,-0.500823974609375,-2.059441566467285,0.9829142093658447
1610991521303340000,-0.5000925064086914,-2.621331214904785,0.8297915458679199
1610991521313338600,-0.4956846237182617,-3.0222902297973633,0.6903667449951172
1610991521323336400,-0.4881579875946045,-3.270415782928467,0.5311321020126343
1610991521333335600,-0.4984419345855713,-3.406026840209961,0.45391929149627686
1610991521343344000,-0.5323641300201416,-3.5295329093933105,0.4672814607620239
1610991521353346600,-0.6038415431976318,-3.6834282875061035,0.5042123198509216
1610991521363353000,-0.6873362064361572,-3.807995319366455,0.49511778354644775
1610991521373364700,-0.7240097522735596,-3.900343894958496,0.4438015818595886
1610991521383361500,-0.7022461891174316,-3.9708456993103027,0.4142990708351135
1610991521393363000,-0.6597661972045898,-4.025975704193115,0.359874963760376
1610991521403380500,-0.5647356510162354,-3.9813342094421387,0.3194233775138855
1610991521413365800,-0.47568321228027344,-3.801729202270508,0.26724278926849365
1610991521423361500,-0.44109416007995605,-3.5515708923339844,0.2711724042892456
1610991521433362200,-0.41262102127075195,-3.2748918533325195,0.3086036443710327
1610991521443358700,-0.3948237895965576,-3.0437278747558594,0.3079657554626465
1610991521453351000,-0.3898494243621826,-2.9318346977233887,0.30947041511535645
1610991521463350300,-0.3480217456817627,-2.887791633605957,0.32128727436065674
1610991521473369900,-0.26595282554626465,-2.6315555572509766,0.16683101654052734
1610991521483363600,-0.28987932205200195,-2.5157594680786133,0.13289129734039307
1610991521493363700,-0.3182387351989746,-2.38667631149292,0.14422965049743652
1610991521503358000,-0.2968425750732422,-2.2614173889160156,0.12615656852722168
1610991521513353200,-0.22637581825256348,-2.151580333709717,0.07609283924102783
1610991521523354000,-0.12561964988708496,-1.871394157409668,0.0038300752639770508
1610991521533354200,0.06102275848388672,-1.402660846710205,-0.0703963041305542
1610991521543352000,0.2253262996673584,-0.951873779296875,-0.10588014125823975
1610991521553346800,0.36557960510253906,-0.6921987533569336,-0.08229601383209229
1610991521563351300,0.5236983299255371,-0.7278251647949219,-0.04916393756866455
1610991521573409000,0.7309045791625977,-1.0636920928955078,-0.10423886775970459
1610991521583383000,0.9311501979827881,-1.5813379287719727,-0.28559374809265137
1610991521593368000,1.1169438362121582,-2.118093490600586,-0.39156627655029297
1610991521603363300,1.2925817966461182,-2.6600570678710938,-0.4441094994544983
1610991521613358300,1.4695348739624023,-3.085383892059326,-0.5714736580848694
1610991521623361000,1.6379787921905518,-3.1887145042419434,-0.7844933271408081
1610991521633365200,1.7879083156585693,-2.8525795936584473,-0.9891353845596313
1610991521643360300,1.8924612998962402,-2.17006254196167,-1.0935384035110474
1610991521653353200,1.8706989288330078,-1.223886489868164,-0.9836598038673401
1610991521663356400,1.7404866218566895,-0.028685569763183594,-0.7477666139602661
1610991521673355000,1.1735422611236572,1.7713327407836914,-0.3125953674316406
1610991521683351800,1.0142197608947754,2.18032169342041,-0.3469166159629822
1610991521693348600,0.9302346706390381,2.411684036254883,-0.5405242443084717
1610991521704165600,0.8678710460662842,2.600285530090332,-0.8275489211082458
1610991521713751800,0.9120259284973145,2.8705272674560547,-1.2950501441955566
1610991521723557000,0.9034655094146729,2.669001579284668,-1.420450210571289
1610991521733449000,0.7677018642425537,2.146127700805664,-1.4664095640182495
1610991521743398700,0.676131010055542,1.8067073822021484,-1.334017276763916
1610991521753373400,0.43523383140563965,1.9182653427124023,-0.9516780972480774
1610991521763379200,0.13305282592773438,2.8983097076416016,-0.5558832287788391
1610991521773361000,-0.10150623321533203,4.865289688110352,-0.2711491882801056
1610991521783353300,-0.296384334564209,7.277861595153809,-0.12319415807723999
1610991521793354500,-0.7008837461471558,9.352749824523926,-0.0023793578147888184
1610991521803349200,-1.2794196605682373,10.651095390319824,0.09848666191101074
1610991521813377500,-1.87401282787323,10.83896255493164,0.13545846939086914
1610991521823387400,-2.265005111694336,9.932886123657227,0.10681867599487305
1610991521833379000,-2.3498311042785645,8.323203086853027,-0.09337043762207031
1610991521843370200,-2.1875226497650146,6.533109664916992,-0.32995766401290894
1610991521853361000,-1.960970401763916,4.849722862243652,-0.4026554822921753
1610991521863353000,-1.767456293106079,3.552675247192383,-0.38156867027282715
1610991521873413000,-1.6253753900527954,2.6583776473999023,-0.3220789432525635
1610991521883383300,-1.4264920949935913,1.8855600357055664,-0.26020509004592896
1610991521893393000,-1.3586419820785522,1.842940330505371,-0.22309410572052002
1610991521903388400,-1.3268736600875854,1.8463001251220703,-0.08913671970367432
1610991521913369900,-1.2549256086349487,1.8068313598632812,0.10055077075958252
1610991521923365600,-1.1216371059417725,1.5195493698120117,0.20782184600830078
1610991521933357600,-1.035091757774353,0.8662691116333008,0.20794010162353516
1610991521943355100,-0.9795578718185425,-0.034354209899902344,0.10029220581054688
1610991521953353000,-0.8225171566009521,-0.9477291107177734,0.018558263778686523
1610991521963353900,-0.633305549621582,-1.8216862678527832,-0.02880120277404785
1610991521973352700,-0.5493793487548828,-2.613950729370117,-0.1459207534790039
1610991521983372500,-0.5209527015686035,-3.176567554473877,-0.29801690578460693
1610991521993366500,-0.5632479190826416,-3.4896960258483887,-0.5049266815185547
1610991522003360800,-0.6423361301422119,-3.4634313583374023,-0.8097850680351257
1610991522013366800,-0.7575362920761108,-3.179652214050293,-1.0073024034500122
1610991522023395300,-0.8931653499603271,-2.655609607696533,-1.1148695945739746
1610991522033382100,-1.020978331565857,-2.12058162689209,-1.0836976766586304
1610991522043384000,-1.1586596965789795,-1.6891264915466309,-1.0105868577957153
1610991522053383400,-1.2444416284561157,-1.4201455116271973,-0.9709796905517578
1610991522063551500,-1.25592839717865,-1.451962947845459,-1.0266507863998413
1610991522073498400,-1.242517352104187,-1.69793701171875,-1.1358405351638794
1610991522083431000,-1.1828765869140625,-1.966787338256836,-1.2462351322174072
1610991522093416400,-0.9788687229156494,-2.431589126586914,-1.2038573026657104
1610991522103385000,-0.806038498878479,-2.5138039588928223,-1.1582345962524414
1610991522113368300,-0.6368114948272705,-2.4825801849365234,-1.1626853942871094
1610991522123359200,-0.5284652709960938,-2.344388961791992,-1.2308621406555176
1610991522133354800,-0.5117764472961426,-2.2493467330932617,-1.2815241813659668
1610991522143348700,-0.557915210723877,-2.092670440673828,-1.335724949836731
1610991522153355300,-0.5663514137268066,-1.8777399063110352,-1.3228211402893066
1610991522163354600,-0.5389680862426758,-1.7406625747680664,-1.2256929874420166
1610991522173348400,-0.4718050956726074,-1.6445255279541016,-1.216876745223999
1610991522183361000,-0.39597249031066895,-1.5421724319458008,-1.3383703231811523
1610991522193348400,-0.3047010898590088,-1.446852684020996,-1.4254473447799683
1610991522203931000,-0.2381143569946289,-1.3798456192016602,-1.5097317695617676
1610991522213634300,-0.20664501190185547,-1.3420486450195312,-1.4435871839523315
1610991522223499500,-0.13522005081176758,-1.299631118774414,-1.29742431640625
1610991522233445000,-0.017746448516845703,-1.1154279708862305,-1.2203692197799683
1610991522243409400,0.14661383628845215,-0.8145465850830078,-1.103959560394287
1610991522254100000,0.3131844997406006,-0.4694643020629883,-1.0463523864746094
1610991522263722200,0.43923401832580566,-0.18237018585205078,-0.9056655168533325
1610991522274021600,0.5662591457366943,0.2923164367675781,-0.5935163497924805
1610991522283701500,0.5560178756713867,0.30443572998046875,-0.6326713562011719
1610991522293622300,0.6216647624969482,0.15995502471923828,-0.22369670867919922
1610991522303554300,0.6951949596405029,-0.04804039001464844,-0.11874175071716309
1610991522313528000,0.7973575592041016,-0.20502662658691406,-0.05401206016540527
1610991522323473200,0.8975484371185303,-0.32663822174072266,-0.029415369033813477
1610991522333435400,0.9025044441223145,-0.4322052001953125,0.01545405387878418
1610991522343398100,0.864971399307251,-0.5202646255493164,0.12729525566101074
1610991522353366500,0.793283224105835,-0.5096750259399414,0.18953561782836914
1610991522363365600,0.6974825859069824,-0.3374929428100586,0.24787545204162598
1610991522373346600,0.5387001037597656,-0.010201454162597656,0.27483081817626953
1610991522383342300,0.36931753158569336,0.43855762481689453,0.3375051021575928
1610991522393364000,0.22862577438354492,0.948948860168457,0.4020857810974121
1610991522403348000,0.251448392868042,1.3280277252197266,0.24475789070129395
1610991522413360000,0.32497644424438477,0.9814491271972656,0.3898966312408447
1610991522423351600,0.002846956253051758,0.19466400146484375,0.7869768142700195
1610991522433350000,-0.260817289352417,-0.04892539978027344,0.933509349822998
1610991522443361000,-0.27239418029785156,0.32555294036865234,0.9235494136810303
1610991522453352200,-0.20952606201171875,1.0179109573364258,0.7800948619842529
1610991522463356000,-0.08382272720336914,1.9303064346313477,0.603358268737793
1610991522473360400,0.045090436935424805,2.851443290710449,0.6354293823242188
1610991522483348500,0.03290200233459473,3.821995735168457,0.825627326965332
1610991522493342500,-0.08780598640441895,5.047990798950195,1.1616840362548828
1610991522503335400,-0.7674292325973511,7.21951961517334,2.541497230529785
1610991522513335000,-1.3206701278686523,7.649787902832031,3.4727914333343506
1610991522523337000,-1.8464549779891968,7.6764373779296875,4.263355731964111
1610991522533336300,-2.2460906505584717,7.492888450622559,4.617851257324219
1610991522543348200,-2.512017011642456,7.031100273132324,4.54732084274292
1610991522553343000,-2.523303270339966,6.082559585571289,4.2140655517578125
1610991522563345000,-2.307666301727295,4.841082572937012,3.671090841293335
1610991522573339400,-1.9643751382827759,3.625446319580078,3.2037084102630615
1610991522583339300,-1.6438109874725342,2.614617347717285,2.926494598388672
1610991522593340400,-1.3973901271820068,1.791855812072754,2.773895025253296
1610991522603340800,-1.1824545860290527,1.1533222198486328,2.6472721099853516
1610991522613340400,-0.9651976823806763,0.692347526550293,2.519605875015259
1610991522623340000,-0.7569705247879028,0.3457965850830078,2.4120655059814453
1610991522633340400,-0.5735268592834473,-0.03921985626220703,2.3206262588500977
1610991522643341600,-0.46123266220092773,-0.5024423599243164,2.200181007385254
1610991522653336300,-0.40371060371398926,-1.0543851852416992,2.0144150257110596
1610991522663340000,-0.40862178802490234,-1.6411409378051758,1.7207679748535156
1610991522673339600,-0.4448714256286621,-2.2459259033203125,1.3849060535430908
1610991522683342800,-0.5199565887451172,-2.934764862060547,1.0752475261688232
1610991522693343500,-0.6655005216598511,-3.719264030456543,0.7997486591339111
1610991522703339500,-0.8315869569778442,-4.503729343414307,0.5298542976379395
1610991522713357800,-0.9546804428100586,-5.765802383422852,-0.13652491569519043
1610991522723357400,-1.0087494850158691,-6.155503273010254,-0.3917442560195923
1610991522733365000,-1.051424503326416,-6.392206192016602,-0.6253904104232788
1610991522743350800,-1.089422583580017,-6.4135942459106445,-0.8497241735458374
1610991522753343500,-1.117524266242981,-6.208794593811035,-1.0219255685806274
1610991522763356400,-1.142393708229065,-5.745865821838379,-1.0472830533981323
1610991522773376300,-1.1352561712265015,-5.067348003387451,-1.0132299661636353
1610991522783382000,-1.1241828203201294,-4.337235450744629,-1.0164695978164673
1610991522793362700,-1.1085630655288696,-3.7103018760681152,-0.998653769493103
1610991522803350300,-1.069115400314331,-3.19462251663208,-0.9926081895828247
1610991522813342500,-1.0124108791351318,-2.8649215698242188,-0.9983319044113159
1610991522823337500,-0.9675474166870117,-2.6640710830688477,-1.0612648725509644
1610991522833338600,-0.8998849391937256,-2.5845794677734375,-1.149808645248413
1610991522843335200,-0.8766031265258789,-2.598494052886963,-1.1926074028015137
1610991522853334800,-0.8055124282836914,-2.5255656242370605,-1.2250518798828125
1610991522863343000,-0.6602034568786621,-2.2800416946411133,-1.3171836137771606
1610991522873394400,-0.5452706813812256,-1.9728312492370605,-1.404649019241333
1610991522883366100,-0.4671916961669922,-1.6692523956298828,-1.4169042110443115
1610991522893353200,-0.3617985248565674,-1.3354883193969727,-1.4329235553741455
1610991522903345400,-0.17734098434448242,-0.9734659194946289,-1.4778227806091309
1610991522913341400,0.07446646690368652,-0.5939311981201172,-1.5436488389968872
1610991522923349800,0.5245845317840576,-0.6661853790283203,-1.6880992650985718
1610991522933340400,0.6861042976379395,-0.9027376174926758,-1.7447388172149658
1610991522943350300,0.8413629531860352,-1.2075324058532715,-1.7852706909179688
1610991522953343200,0.9968056678771973,-1.3439407348632812,-1.8246502876281738
1610991522963339800,1.1883275508880615,-1.278395175933838,-1.881514549255371
1610991522973336000,1.3689725399017334,-0.9943561553955078,-1.8956544399261475
1610991522983335200,1.517531156539917,-0.6286554336547852,-1.8136861324310303
1610991522993334800,1.5719225406646729,-0.1676616668701172,-1.5967583656311035
1610991523003333600,1.542046308517456,0.4443349838256836,-1.3310877084732056
1610991523013332200,1.3835840225219727,1.2387142181396484,-1.0085906982421875
1610991523023338000,1.1863536834716797,2.060763359069824,-0.6519446969032288
1610991523033339000,1.0807483196258545,2.8137216567993164,-0.2966890335083008
1610991523043357200,1.0850486755371094,3.432840347290039,-0.047321200370788574
1610991523053348400,1.2958729267120361,3.971135139465332,-0.07333028316497803
1610991523063340300,1.5650696754455566,3.920414924621582,-0.07827579975128174
1610991523073337300,1.6961948871612549,3.215442657470703,-0.13770008087158203
1610991523083334400,1.9150631427764893,2.4277429580688477,-0.20958316326141357
1610991523093335000,2.130174160003662,1.8769493103027344,0.07732725143432617
1610991523103338500,2.1850428581237793,1.696176528930664,0.497394323348999
1610991523113336600,2.12502384185791,2.144886016845703,0.7949717044830322
1610991523123365400,1.8507659435272217,5.2405500411987305,0.7881004810333252
1610991523133350400,1.4933600425720215,7.090322494506836,0.6978940963745117
1610991523143344400,0.9944047927856445,8.510805130004883,0.651049017906189
1610991523153338400,0.45369935035705566,9.179707527160645,0.6129283905029297
1610991523163858200,0.011954069137573242,9.214147567749023,0.4853637218475342
1610991523173598500,-0.36936354637145996,8.846362113952637,0.13098907470703125
1610991523183467300,-0.6184358596801758,8.142598152160645,-0.38811206817626953
1610991523193444000,-0.8214200735092163,7.1481523513793945,-0.91483473777771
1610991523203438300,-1.0524805784225464,6.0293073654174805,-1.3580759763717651
1610991523213387000,-1.2864022254943848,4.967363357543945,-1.6691006422042847
1610991523223438000,-1.5111448764801025,4.038801193237305,-1.8150029182434082
1610991523233404200,-1.7379823923110962,3.177151679992676,-1.870909333229065
1610991523243371000,-1.923524022102356,2.3681955337524414,-1.9332261085510254
1610991523253349600,-1.9588582515716553,1.581028938293457,-2.050708055496216
1610991523263343600,-1.8748902082443237,0.8244972229003906,-2.19120717048645
1610991523273341400,-1.720874547958374,0.08690834045410156,-2.283494472503662
1610991523283351600,-1.5567013025283813,-0.5370807647705078,-2.311331272125244
1610991523293344800,-1.3988730907440186,-1.0668153762817383,-2.278581380844116
1610991523303339300,-1.2435823678970337,-1.543236255645752,-2.159403085708618
1610991523313342000,-1.1236729621887207,-1.9714741706848145,-1.9620813131332397
1610991523323338800,-1.0664374828338623,-2.6216158866882324,-1.6897348165512085
1610991523333351700,-0.808983325958252,-2.7482523918151855,-1.3949702978134155
1610991523343347200,-0.6872700452804565,-2.774282455444336,-1.2854293584823608
1610991523353342200,-0.6747654676437378,-2.7285385131835938,-1.1455967426300049
1610991523363341300,-0.7641783952713013,-2.435335159301758,-1.1015074253082275
1610991523373346000,-0.8807809352874756,-1.9706263542175293,-1.1011962890625
1610991523383348500,-1.04473078250885,-1.4839391708374023,-1.024681806564331
1610991523393348600,-1.185899019241333,-1.0776681900024414,-0.9017767310142517
1610991523403343600,-1.2590655088424683,-0.8736553192138672,-0.776436448097229
1610991523413351700,-1.2413947582244873,-0.855982780456543,-0.6658519506454468
1610991523423352000,-1.0755523443222046,-0.8724594116210938,-0.6862859725952148
1610991523433352400,-0.8954168558120728,-0.8731441497802734,-0.8014940023422241
1610991523443340800,-0.828007698059082,-0.8167724609375,-0.9469467997550964
1610991523453344000,-0.8491196632385254,-0.7357378005981445,-1.0134193897247314
1610991523463365400,-0.9445914030075073,-0.654109001159668,-1.0583233833312988
1610991523473382400,-1.0727145671844482,-0.5646381378173828,-1.0962660312652588
1610991523483371500,-1.2113217115402222,-0.4463920593261719,-1.115763783454895
1610991523493387300,-1.278722882270813,-0.3831653594970703,-1.139524221420288
1610991523503371800,-1.3052107095718384,-0.33149242401123047,-1.2364648580551147
1610991523513387800,-1.2810217142105103,-0.3013925552368164,-1.2763934135437012
1610991523523377000,-1.2478424310684204,-0.39036083221435547,-1.243563175201416
1610991523533380600,-1.2158379554748535,-0.5883417129516602,-1.1481385231018066
1610991523543372000,-1.0114721059799194,-1.3076105117797852,-0.9053349494934082
1610991523553366300,-0.8539936542510986,-1.5852546691894531,-0.7406642436981201
1610991523563372300,-0.6620228290557861,-1.8358631134033203,-0.516533374786377
1610991523573365000,-0.4544508457183838,-2.029623031616211,-0.3368889093399048
1610991523583394000,-0.2256457805633545,-2.0331907272338867,-0.19029557704925537
1610991523593384200,-0.02869415283203125,-1.9303956031799316,-0.00881505012512207
1610991523603381500,0.09826850891113281,-1.8180007934570312,0.1746586561203003
1610991523613369300,0.2329845428466797,-1.7208642959594727,0.37614381313323975
1610991523623369700,0.3168482780456543,-1.7010741233825684,0.49497973918914795
1610991523633394000,0.350893497467041,-1.705514907836914,0.4580439329147339
1610991523643388700,0.388716459274292,-1.638369083404541,0.3350830078125
1610991523654341000,0.416445255279541,-1.602961540222168,0.23998796939849854
1610991523663868000,0.4215719699859619,-1.5519514083862305,0.2597048282623291
1610991523673616100,0.4281272888183594,-1.5001411437988281,0.3858422040939331
1610991523683482600,0.48970675468444824,-1.4329991340637207,0.4368938207626343
1610991523693418000,0.5442850589752197,-1.2619051933288574,0.3736690282821655
1610991523703388700,0.5420982837677002,-1.0531120300292969,0.34579312801361084
1610991523713379000,0.4778134822845459,-0.7585563659667969,0.3638918399810791
1610991523723368200,0.38701939582824707,-0.41898059844970703,0.44796502590179443
1610991523733378000,0.27086663246154785,0.005408287048339844,0.5138176679611206
1610991523743421200,0.3710787296295166,1.363800048828125,0.21451449394226074
1610991523753389300,0.4466547966003418,1.4737234115600586,0.41074204444885254
1610991523763374300,0.14776873588562012,0.9642877578735352,1.0112453699111938
1610991523773364200,-0.022749662399291992,0.4869260787963867,1.4527266025543213
1610991523783385000,0.1272873878479004,0.25079345703125,1.550111174583435
1610991523793383200,0.37459826469421387,0.28102779388427734,1.2572567462921143
1610991523803385600,0.6046161651611328,0.6102123260498047,0.7396018505096436
1610991523813369300,0.7939510345458984,1.3109445571899414,0.21148765087127686
1610991523823372300,0.834364652633667,2.279362678527832,0.02234351634979248
1610991523833369900,0.559715747833252,3.4473447799682617,0.48462021350860596
1610991523843364400,0.11606812477111816,4.712090492248535,1.4043152332305908
1610991523853390800,-0.18152165412902832,6.006193161010742,2.261737823486328
1610991523863380200,-0.26117992401123047,7.148770332336426,2.978672742843628
1610991523873393200,-0.33330726623535156,7.950715065002441,3.6769919395446777
1610991523883375000,-0.5701645612716675,8.284017562866211,4.307156085968018
1610991523893975300,-0.9095182418823242,8.083137512207031,4.607933521270752
1610991523903733500,-1.2073674201965332,7.315272331237793,4.522488594055176
1610991523913540000,-1.4300596714019775,6.068927764892578,4.169555187225342
1610991523923440600,-1.4862799644470215,4.553762435913086,3.7128171920776367
1610991523933394700,-1.4202518463134766,3.014004707336426,3.3700857162475586
1610991523943368700,-1.2663421630859375,1.632390022277832,3.1454529762268066
1610991523953355800,-0.7833930253982544,-0.500361442565918,2.428583860397339
1610991523963345000,-0.479733943939209,-1.2402677536010742,2.1727490425109863
1610991523973341000,-0.24145269393920898,-1.8469018936157227,2.0160536766052246
1610991523983342800,-0.07240915298461914,-2.352151870727539,1.963611364364624
1610991523993344300,0.09481263160705566,-2.7588934898376465,1.9891040325164795
1610991524003338800,0.21388602256774902,-3.1012043952941895,1.9580333232879639
1610991524013341200,0.3034086227416992,-3.3839735984802246,1.935333013534546
1610991524023428400,0.33527469635009766,-3.7303948402404785,1.9455089569091797
1610991524033382700,0.2860691547393799,-4.120741367340088,1.9548115730285645
1610991524043359500,0.2328190803527832,-4.483611106872559,1.9281833171844482
1610991524054246100,0.1736280918121338,-4.732744216918945,1.7502928972244263
1610991524063809500,0.11378312110900879,-4.872028350830078,1.509782314300537
1610991524073585400,0.0739436149597168,-4.858522415161133,1.246296763420105
1610991524083459600,0.015258312225341797,-4.748683929443359,1.0136923789978027
1610991524093398800,-0.03715014457702637,-4.578336715698242,0.8755749464035034
1610991524103374000,-0.10334897041320801,-4.375137805938721,0.7869373559951782
1610991524113353500,-0.17128491401672363,-4.109925746917725,0.7151867151260376
1610991524123451600,-0.26499390602111816,-3.8350534439086914,0.6452046632766724
1610991524133413400,-0.3643946647644043,-3.470635414123535,0.5550497770309448
1610991524143401700,-0.39558911323547363,-2.965237617492676,0.4452477693557739
1610991524153373700,-0.37856125831604004,-2.4524078369140625,0.29189562797546387
1610991524163563000,-0.359600305557251,-1.9794244766235352,0.054482340812683105
1610991524173556700,-0.3161165714263916,-1.8064422607421875,-0.08302152156829834
1610991524183448300,-0.1911308765411377,-1.6729755401611328,-0.250429630279541
1610991524193418500,-0.06882905960083008,-1.5310215950012207,-0.4089895486831665
1610991524203375900,0.019080162048339844,-1.490525245666504,-0.5472996234893799
1610991524213365200,0.07709956169128418,-1.5203571319580078,-0.6895581483840942
1610991524223363800,0.12788844108581543,-1.5651311874389648,-0.8675576448440552
1610991524233361200,0.19042730331420898,-1.5448455810546875,-1.0091640949249268
1610991524243354400,0.2591836452484131,-1.551290512084961,-1.0758920907974243
1610991524253351200,0.36503028869628906,-1.5654997825622559,-1.070280909538269
1610991524263341000,0.5019552707672119,-1.5874295234680176,-1.0915077924728394
1610991524273335300,0.6413784027099609,-1.7358779907226562,-1.2256726026535034
1610991524283338800,0.7719414234161377,-1.9639320373535156,-1.3649204969406128
1610991524293336600,0.8824062347412109,-2.175936698913574,-1.4950251579284668
1610991524303341300,1.0067973136901855,-2.2671947479248047,-1.540845513343811
1610991524313343700,1.1672499179840088,-2.2481203079223633,-1.5370993614196777
1610991524323813600,1.3078973293304443,-2.1095848083496094,-1.4842830896377563
1610991524333585700,1.3870902061462402,-1.919273853302002,-1.3545907735824585
1610991524343465500,1.4274868965148926,-1.6167364120483398,-1.2104077339172363
1610991524353412400,1.4360930919647217,-1.1499567031860352,-1.045769453048706
1610991524363380000,1.4076604843139648,0.0610809326171875,-0.8309088945388794
1610991524373457400,1.0984928607940674,0.6749992370605469,-0.31374162435531616
1610991524383401000,0.8538782596588135,1.1622314453125,-0.11311548948287964
1610991524393375000,0.6175632476806641,1.7177848815917969,-0.29728078842163086
1610991524403359200,0.4193570613861084,2.1348676681518555,-0.7098695039749146
1610991524413368000,0.2019193172454834,2.0235462188720703,-1.0327335596084595
1610991524423355400,-0.17486572265625,1.452317237854004,-1.0012133121490479
1610991524433362700,-0.6294515132904053,1.117070198059082,-0.6822714805603027
1610991524443400400,-0.9517550468444824,1.929518699645996,-0.5243359804153442
1610991524453371000,-1.1793804168701172,4.292757034301758,-0.4932278096675873
1610991524463361800,-1.6915262937545776,7.328156471252441,-0.019052088260650635
1610991524473388300,-2.681985855102539,9.852770805358887,0.8201849460601807
1610991524483373800,-3.9614524841308594,11.567792892456055,1.4595199823379517
1610991524493362000,-5.035504341125488,12.415663719177246,1.7646664381027222
1610991524503361800,-5.5959014892578125,12.22120189666748,1.5884897708892822
1610991524513350100,-5.555556774139404,11.081503868103027,0.9580994844436646
1610991524523343400,-4.967936038970947,9.280855178833008,0.2146613597869873
1610991524533355800,-4.074877738952637,7.421750068664551,-0.2652174234390259
1610991524543346000,-3.2119359970092773,5.724773406982422,-0.3581026792526245
1610991524553355800,-2.499927520751953,4.232553482055664,-0.21440720558166504
1610991524563354000,-1.8635871410369873,2.933171272277832,0.0089339017868042
1610991524573523000,-0.8272054195404053,1.1101198196411133,0.3134042024612427
1610991524583467300,-0.36389899253845215,0.4605541229248047,0.396905779838562
1610991524593401300,0.04108691215515137,-0.04751300811767578,0.46033573150634766
1610991524603378200,0.38463425636291504,-0.36625194549560547,0.5532615184783936
1610991524613358300,0.5995376110076904,-0.614130973815918,0.6547200679779053
1610991524623356000,0.6937069892883301,-0.8006925582885742,0.7579429149627686
1610991524633374000,0.7060096263885498,-0.9526796340942383,0.8026933670043945
1610991524643391200,0.6701762676239014,-1.0691404342651367,0.8164815902709961
1610991524653378300,0.566626787185669,-1.1493463516235352,0.7716834545135498
1610991524663372800,0.388139009475708,-1.2238435745239258,0.6475870609283447
1610991524673405200,0.19711613655090332,-1.3412418365478516,0.48767518997192383
1610991524685365500,-0.02864527702331543,-1.4761323928833008,0.2955282926559448
1610991524703344600,-0.22843265533447266,-1.5592975616455078,0.09073197841644287
1610991524713360600,-0.4162755012512207,-1.6719651222229004,-0.010702252388000488
1610991524723341300,-0.6060960292816162,-1.7972335815429688,-0.049999117851257324
1610991524733358800,-0.7837352752685547,-1.9325742721557617,-0.08979165554046631
1610991524743331300,-0.898289680480957,-2.072402000427246,-0.1574035882949829
1610991524753338600,-0.9091517925262451,-2.1632518768310547,-0.2855567932128906
1610991524763370800,-0.8614301681518555,-2.1177268028259277,-0.3199899196624756
1610991524773344300,-0.7666915655136108,-1.7472586631774902,-0.347135066986084
1610991524783333400,-0.6832680702209473,-1.1872844696044922,-0.39553534984588623
1610991524793357800,-0.6776435375213623,-0.25775718688964844,-0.3400038480758667
1610991524803337700,-0.7019915580749512,-0.046547889709472656,-0.3027036190032959
1610991524813334300,-0.7148441076278687,0.0019998550415039062,-0.3467177152633667
1610991524823373000,-0.7092936038970947,-0.07261085510253906,-0.45458734035491943
1610991524833341200,-0.7043826580047607,-0.27897167205810547,-0.5165239572525024
1610991524843348000,-0.6966238021850586,-0.5980195999145508,-0.5250619649887085
1610991524853359600,-0.687859058380127,-0.8241977691650391,-0.649986743927002
1610991524863337500,-0.6964266300201416,-0.8848705291748047,-0.830355167388916
1610991524873349000,-0.7562038898468018,-0.8055448532104492,-0.9887484908103943
1610991524883337500,-0.841133713722229,-0.5863552093505859,-1.1180756092071533
1610991524893347800,-0.9111169576644897,-0.26906585693359375,-1.146781086921692
1610991524903332400,-0.9229600429534912,-0.04810905456542969,-1.0533336400985718
1610991524913334000,-0.8243180513381958,-0.026844024658203125,-0.86537766456604
1610991524923346000,-0.6435739994049072,-0.21630001068115234,-0.6912600994110107
1610991524933379300,-0.4026463031768799,-0.5504446029663086,-0.5647144317626953
1610991524943378400,-0.12069201469421387,-0.995823860168457,-0.512012243270874
1610991524953374200,0.12179064750671387,-1.420060634613037,-0.5010910034179688
1610991524963340000,0.2895662784576416,-1.8667306900024414,-0.569107174873352
1610991524973331000,0.4214644432067871,-2.207108497619629,-0.780082106590271
1610991524983340500,0.6043064594268799,-2.543501377105713,-1.098024606704712
1610991524993355800,0.8351075649261475,-2.8556838035583496,-1.4736512899398804
1610991525003342600,1.2851011753082275,-3.2062554359436035,-2.0740854740142822
1610991525013361200,1.5214152336120605,-3.331033706665039,-2.1111502647399902
1610991525023339500,1.7078828811645508,-3.3174476623535156,-2.107273817062378
1610991525033385200,1.8119330406188965,-3.1016077995300293,-2.071930408477783
1610991525043340800,1.7595274448394775,-2.735504150390625,-1.9579994678497314
1610991525053343500,1.596318006515503,-2.5501742362976074,-1.8345870971679688
1610991525063349800,1.3620009422302246,-2.453660488128662,-1.6342374086380005
1610991525074928600,1.1322906017303467,-2.198399543762207,-1.4971965551376343
1610991525083362000,0.9990077018737793,-1.771857738494873,-1.421372652053833
1610991525093379800,0.9515023231506348,-1.290334701538086,-1.34989333152771
1610991525103349500,0.8216948509216309,-0.8370122909545898,-1.3793437480926514
1610991525113377800,0.6227879524230957,-0.16408443450927734,-1.4149744510650635
1610991525123386600,0.3395681381225586,0.5965375900268555,-1.3182482719421387
1610991525133365200,-0.134979248046875,1.3330802917480469,-1.2339469194412231
1610991525143359000,-0.5658445358276367,2.3427886962890625,-1.5841329097747803
1610991525153356800,-0.5279624462127686,3.0064144134521484,-1.7684061527252197
1610991525163356000,-0.7328250408172607,2.400585174560547,-1.019256591796875
1610991525173468400,-1.2122914791107178,1.8431196212768555,-0.3318557143211365
1610991525183361000,-1.6211222410202026,2.178919792175293,0.3166770339012146
1610991525193499400,-2.190107822418213,3.5827817916870117,0.5746489763259888
1610991525203339000,-3.5523934364318848,7.070352554321289,0.7077581286430359
1610991525213448400,-4.5157880783081055,7.414056777954102,0.5321981906890869
1610991525223345400,-5.482231140136719,6.971324920654297,0.52165287733078
1610991525233337300,-6.10518741607666,6.265284538269043,0.6232591271400452
1610991525243346200,-6.27217960357666,5.507925033569336,0.960717499256134
1610991525253351400,-5.9568281173706055,4.686420440673828,1.1356894969940186
1610991525264725500,-5.184062957763672,4.097044944763184,0.9594855308532715
1610991525273385200,-4.1992506980896,3.8768959045410156,0.8778696060180664
1610991525283355400,-3.3404831886291504,3.8963756561279297,1.2536429166793823
1610991525293342200,-2.75943922996521,4.0656328201293945,1.910001277923584
1610991525303342600,-2.3664209842681885,4.369255065917969,2.3852038383483887
1610991525313339400,-1.9522573947906494,4.56828498840332,2.7560031414031982
1610991525323363300,-1.5871226787567139,4.681252479553223,3.1346049308776855
1610991525333333200,-1.264406442642212,4.739358901977539,3.4144370555877686
1610991525343385300,-1.0195529460906982,4.561558723449707,3.5563225746154785
1610991525353330200,-0.8490084409713745,4.020513534545898,3.4836134910583496
1610991525363361800,-0.7357039451599121,3.2389402389526367,3.2274694442749023
1610991525373331500,-0.7173047065734863,2.363642692565918,2.9737324714660645
1610991525383350000,-0.7651045322418213,1.395895004272461,2.6710262298583984
1610991525393355500,-0.8828846216201782,0.40406036376953125,2.3179726600646973
1610991525403333600,-1.035226821899414,-0.46239185333251953,1.9040566682815552
1610991525413346600,-1.4156190156936646,-1.2842559814453125,1.060752034187317
1610991525423341800,-1.772280216217041,-1.2716569900512695,0.727695882320404
1610991525433334300,-2.116880178451538,-1.0091667175292969,0.2738204896450043
1610991525443361800,-2.3777823448181152,-0.6980266571044922,-0.07820749282836914
1610991525453340200,-2.5913686752319336,-0.5436182022094727,-0.3754866421222687
1610991525463341000,-2.666524648666382,-0.5769996643066406,-0.7398993968963623
1610991525473331000,-2.534961462020874,-0.885685920715332,-1.013068437576294
1610991525483336700,-2.224215030670166,-1.2733154296875,-1.1378426551818848
1610991525493367800,-1.8466384410858154,-1.5991668701171875,-1.2237234115600586
1610991525503332400,-1.5009284019470215,-1.6953716278076172,-1.2496482133865356
1610991525513339100,-1.3131530284881592,-1.6333856582641602,-1.2862789630889893
1610991525523335000,-1.2215940952301025,-1.3851242065429688,-1.3883800506591797
1610991525533376300,-1.205781102180481,-1.1697502136230469,-1.4613325595855713
1610991525543337000,-1.1576645374298096,-0.978093147277832,-1.5626776218414307
1610991525553335800,-1.0855560302734375,-0.8814249038696289,-1.659583568572998
1610991525563339000,-0.963110089302063,-0.8980264663696289,-1.643257737159729
1610991525573342500,-0.8085438013076782,-1.0070972442626953,-1.5170001983642578
1610991525583346200,-0.6927247047424316,-1.0819149017333984,-1.4615705013275146
1610991525593345300,-0.5658000707626343,-1.033991813659668,-1.3869547843933105
1610991525603349000,-0.506617546081543,-0.8304300308227539,-1.2710002660751343
1610991525613356800,-0.5142335891723633,-0.2350597381591797,-1.1320210695266724
1610991525623360500,-0.7383413314819336,-0.07122611999511719,-1.0729178190231323
1610991525633363000,-0.8235335350036621,-0.054932594299316406,-0.9739911556243896
1610991525643386000,-0.7554700374603271,-0.14040279388427734,-0.757964015007019
1610991525653372200,-0.5826241970062256,-0.25321292877197266,-0.6222168803215027
1610991525663398700,-0.41628408432006836,-0.05606651306152344,-0.520159900188446
1610991525673358600,-0.42234301567077637,0.2791576385498047,-0.30346566438674927
1610991525683422700,-0.6113367080688477,0.08227825164794922,-0.13008791208267212
1610991525693423600,-0.9235408306121826,-0.16274642944335938,0.07604790478944778
1610991525703357400,-0.690798282623291,-1.1850833892822266,0.7610974907875061
1610991525713345800,-0.14429450035095215,-1.2784576416015625,-0.3289836049079895
1610991525723355600,0.08812928199768066,-0.7304239273071289,-0.7073782086372375
1610991525733362200,-0.3958773612976074,-0.40471744537353516,-0.6253547668457031
1610991525743350500,-0.5134644508361816,-0.057387351989746094,0.07710391283035278
1610991525753368800,-0.22677397727966309,0.4815807342529297,0.923237144947052
1610991525763341300,0.29769372940063477,0.8357696533203125,1.192779779434204
1610991525773334300,0.2522099018096924,0.711512565612793,1.2166664600372314
1610991525783350300,-0.054099321365356445,0.292694091796875,0.8396974802017212
